RA,Dec,RA_deg,Dec_deg
0:12:1.88,+0:52:59.7,3.007833333333333,0.88325
0:12:2.35,+0:53:14.1,3.0097916666666666,0.88725
0:14:20.18,+1:12:12.7,3.584083333333333,1.2035277777777778
0:14:27.94,+1:13:33.2,3.6164166666666664,1.225888888888889
0:14:53.36,-0:28:27.6,3.7223333333333333,-0.47433333333333333
0:14:57.58,-0:29:39.1,3.7399166666666663,-0.49419444444444444
0:25:44.61,-10:51:37.6,6.435875,-10.860444444444443
0:25:46.94,-10:48:54.3,6.4455833333333326,-10.815083333333334
0:33:25.4,-0:18:29.7,8.355833333333333,-0.30824999999999997
0:33:33.62,-0:18:58.2,8.390083333333333,-0.31616666666666665
0:3:50.76,-1:3:59.5,0.9614999999999999,-1.0665277777777777
0:3:56.57,-1:1:31.7,0.9857083333333333,-1.0254722222222221
0:44:34.09,+0:19:3.5,11.142041666666664,0.31763888888888886
0:44:39.33,+0:18:22.9,11.163874999999997,0.3063611111111111
0:48:0.77,-10:51:48.6,12.003208333333331,-10.8635
0:48:0.96,-10:51:46.2,12.004,-10.862833333333333
0:49:50.92,+0:3:30.1,12.462166666666665,0.058361111111111114
0:49:55.91,+0:4:24.8,12.482958333333332,0.07355555555555555
0:54:8.04,-9:46:25.7,13.533499999999998,-9.773805555555557
0:54:8.47,-9:46:38.3,13.535291666666666,-9.777305555555557
10:10:4.37,+4:16:21.6,152.51820833333332,4.272666666666667
10:10:4.98,+4:16:36.2,152.52074999999996,4.276722222222222
10:14:10.29,+9:21:1.7,153.54287499999998,9.350472222222223
10:14:11.43,+9:20:47.7,153.54762499999998,9.346583333333333
10:15:42.07,-2:13:21.3,153.92529166666665,-2.2225833333333336
10:15:45.23,-2:14:17.3,153.93845833333333,-2.238138888888889
10:16:1.51,+40:40:52.9,154.00629166666667,40.68136111111111
10:16:2.68,+45:33:16.5,154.01116666666667,45.55458333333333
10:16:20.14,+45:32:57.7,154.08391666666665,45.54936111111111
10:16:5.84,+40:40:5.8,154.02433333333332,40.668277777777774
10:16:9.92,+45:31:43.1,154.04133333333334,45.528638888888885
10:16:9.92,+45:31:43.1,154.04133333333334,45.528638888888885
10:17:10.54,+56:27:48.2,154.29391666666666,56.46338888888889
10:17:3.18,+56:27:16.4,154.26324999999997,56.45455555555556
10:27:25.95,+52:26:37.2,156.85812499999997,52.443666666666665
10:27:40.99,+52:25:5.1,156.92079166666664,52.41808333333333
10:27:50.97,+0:28:33.2,156.96237499999995,0.4758888888888889
10:27:53.84,+0:30:55.4,156.9743333333333,0.5153888888888889
10:28:27.15,-1:36:40.8,157.11312499999997,-1.6113333333333335
10:28:32.61,-1:34:47.5,157.135875,-1.5798611111111112
10:28:43.67,+39:29:36.9,157.1819583333333,39.49358333333333
10:28:44.3,+39:29:34.8,157.1845833333333,39.493
10:32:0.43,+1:14:21.9,158.00179166666663,1.2394166666666668
10:32:43.17,+1:39:30.0,158.17987499999998,1.6583333333333332
10:32:44.65,+1:40:20.5,158.18604166666665,1.672361111111111
10:32:6.59,+1:12:56.2,158.0274583333333,1.215611111111111
10:34:55.5,+64:17:45.4,158.73125,64.29594444444444
10:35:19.23,+7:52:56.4,158.83012499999998,7.882333333333333
10:35:19.37,+7:52:58.0,158.83070833333332,7.882777777777778
10:35:5.53,+64:18:5.3,158.77304166666667,64.30147222222222
10:37:43.97,+4:2:33.8,159.4332083333333,4.042722222222222
10:37:48.37,+4:2:42.2,159.45154166666666,4.045055555555556
10:39:47.04,+1:44:41.8,159.946,1.7449444444444444
10:39:51.52,+1:46:25.2,159.96466666666666,1.7736666666666665
10:39:58.72,-1:29:50.0,159.99466666666666,-1.4972222222222222
10:40:0.67,-1:30:59.2,160.00279166666664,-1.5164444444444445
10:41:58.98,+40:42:15.0,160.49575,40.70416666666667
10:42:12.56,+40:41:22.8,160.5523333333333,40.68966666666666
10:44:14.0,+63:52:47.0,161.0583333333333,63.87972222222222
10:44:14.88,+63:53:59.0,161.06199999999998,63.89972222222222
10:47:18.18,+50:24:8.6,161.82575,50.402388888888886
10:47:22.17,+50:22:2.3,161.84237499999998,50.367305555555554
10:4:44.06,-2:32:40.3,151.18358333333333,-2.5445277777777777
10:4:45.67,-2:35:8.2,151.19029166666667,-2.585611111111111
10:52:20.12,+60:42:41.7,163.08383333333333,60.71158333333334
10:52:28.21,+60:42:10.0,163.11754166666665,60.70277777777778
10:55:44.86,+47:55:12.8,163.93691666666663,47.92022222222222
10:55:49.1,+47:57:35.9,163.9545833333333,47.95997222222223
10:56:44.89,-0:59:33.4,164.18704166666666,-0.9926111111111111
10:56:45.25,-0:59:38.1,164.18854166666665,-0.9939166666666666
10:5:13.76,+2:45:10.3,151.30733333333333,2.752861111111111
10:5:23.32,+2:45:36.1,151.34716666666668,2.7600277777777777
10:5:46.86,+3:1:16.3,151.44525,3.0211944444444443
10:5:52.25,+2:59:2.3,151.46770833333332,2.9839722222222225
11:13:44.85,-0:44:11.7,168.436875,-0.7365833333333333
11:13:55.66,-0:44:7.5,168.48191666666665,-0.7354166666666666
11:16:10.69,+41:18:14.4,169.04454166666665,41.303999999999995
11:16:11.74,+41:18:21.5,169.04891666666666,41.305972222222216
11:1:49.86,+5:50:33.6,165.45774999999998,5.842666666666666
11:1:51.37,+5:52:36.2,165.46404166666665,5.876722222222223
11:21:50.93,-2:31:15.6,170.4622083333333,-2.521
11:21:56.04,-2:29:54.3,170.48349999999996,-2.4984166666666665
11:22:48.83,+50:58:39.0,170.70345833333332,50.9775
11:22:54.12,+50:59:58.8,170.72549999999998,50.99966666666667
11:22:54.26,+62:30:27.6,170.72608333333332,62.507666666666665
11:23:10.96,+0:37:45.2,170.79566666666665,0.6292222222222222
11:23:17.05,+0:43:58.8,170.82104166666664,0.733
11:23:2.1,+62:32:6.7,170.75874999999996,62.53519444444444
11:23:24.71,+0:45:32.1,170.8529583333333,0.7589166666666667
11:23:36.59,+1:22:1.8,170.9024583333333,1.3671666666666666
11:23:44.24,+1:22:45.7,170.9343333333333,1.379361111111111
11:23:7.21,+0:37:45.7,170.78004166666662,0.6293611111111111
11:24:55.24,+57:10:57.0,171.23016666666666,57.1825
11:24:55.24,+57:10:57.0,171.23016666666666,57.1825
11:24:55.44,+57:10:58.4,171.23099999999997,57.18288888888889
11:24:55.44,+57:10:58.4,171.23099999999997,57.18288888888889
11:25:37.28,-1:17:3.4,171.40533333333332,-1.2842777777777776
11:25:42.9,-1:19:11.6,171.42874999999995,-1.319888888888889
11:27:14.78,-2:41:31.4,171.81158333333332,-2.6920555555555556
11:27:19.18,-2:43:47.1,171.82991666666663,-2.72975
11:29:12.12,+61:27:57.7,172.30049999999997,61.46602777777778
11:29:15.59,+1:51:46.2,172.3149583333333,1.8628333333333333
11:29:2.06,+61:27:50.0,172.25858333333332,61.46388888888889
11:29:22.56,+1:53:31.3,172.34399999999997,1.8920277777777776
11:34:57.74,+8:49:35.3,173.74058333333332,8.826472222222222
11:34:59.38,+8:49:23.3,173.74741666666662,8.823138888888888
11:35:24.97,+0:14:41.7,173.85404166666666,0.24491666666666667
11:35:32.86,+0:14:11.4,173.88691666666665,0.23650000000000002
11:38:23.07,+1:36:32.8,174.59612499999997,1.6091111111111112
11:38:23.72,+1:39:24.8,174.5988333333333,1.6568888888888889
11:38:8.89,+68:7:36.9,174.53704166666665,68.12691666666666
11:38:9.21,+68:7:38.8,174.53837499999997,68.12744444444444
11:3:57.72,+3:18:8.3,165.99049999999997,3.3023055555555554
11:40:12.13,-1:49:55.2,175.05054166666665,-1.832
11:40:18.75,-1:48:42.0,175.07812499999997,-1.8116666666666668
11:43:16.98,+13:24:0.8,175.82074999999998,13.400222222222222
11:43:23.44,+13:25:42.0,175.84766666666664,13.428333333333333
11:46:51.19,-1:24:56.3,176.71329166666666,-1.415638888888889
11:46:52.97,-1:24:46.4,176.7207083333333,-1.4128888888888889
11:48:10.62,-2:33:1.6,177.04425,-2.550444444444444
11:48:39.41,+10:50:16.7,177.16420833333333,10.837972222222223
11:48:44.25,+10:47:56.7,177.184375,10.799083333333334
11:48:5.31,-2:33:3.6,177.022125,-2.5509999999999997
11:49:10.69,+0:18:36.3,177.29454166666665,0.3100833333333333
11:49:8.13,+0:16:16.3,177.283875,0.27119444444444446
11:4:1.49,+3:18:17.5,166.00620833333332,3.304861111111111
11:51:20.45,+63:55:20.6,177.8352083333333,63.92238888888889
11:51:27.96,+48:19:23.4,177.86649999999997,48.32316666666667
11:51:30.71,+63:53:23.7,177.8779583333333,63.889916666666664
11:51:44.78,+48:19:28.4,177.93658333333332,48.324555555555555
11:52:40.1,-0:30:32.9,178.16708333333332,-0.5091388888888889
11:52:40.53,-0:30:4.3,178.16887499999999,-0.5011944444444445
11:52:58.93,-2:21:18.3,178.24554166666667,-2.3550833333333334
11:53:3.82,-2:20:21.8,178.26591666666664,-2.339388888888889
11:7:25.7,+0:33:53.9,166.85708333333332,0.5649722222222223
11:7:27.08,+0:34:7.6,166.86283333333333,0.5687777777777777
12:12:51.19,-0:53:40.8,183.21329166666663,-0.8946666666666666
12:12:56.11,-0:53:35.4,183.23379166666663,-0.8931666666666667
12:13:10.43,-1:1:6.6,183.29345833333332,-1.0185
12:13:18.97,-1:2:2.6,183.32904166666665,-1.0340555555555557
12:14:5.58,-1:55:55.8,183.52324999999996,-1.9321666666666666
12:14:8.31,-1:58:12.2,183.53462499999998,-1.9700555555555557
12:17:34.25,+0:55:22.2,184.39270833333333,0.9228333333333333
12:17:35.03,+0:6:8.6,184.39595833333328,0.10238888888888889
12:17:36.18,+0:6:57.4,184.40074999999996,0.11594444444444445
12:17:36.95,+0:55:22.7,184.40395833333332,0.9229722222222222
12:25:45.24,+56:44:45.1,186.43849999999998,56.74586111111111
12:25:45.73,+56:44:40.7,186.44054166666663,56.74463888888889
12:26:24.09,-1:12:34.5,186.60037499999999,-1.2095833333333332
12:26:25.58,-1:13:19.9,186.60658333333333,-1.2221944444444446
12:32:58.68,+61:49:32.9,188.24449999999996,61.82580555555556
12:33:9.51,+61:47:57.6,188.289625,61.79933333333333
12:34:18.33,+1:54:23.2,188.57637499999998,1.9064444444444444
12:34:7.9,+1:54:18.5,188.53291666666664,1.9051388888888887
12:43:19.54,+1:2:28.6,190.83141666666663,1.041277777777778
12:43:22.16,+1:3:47.9,190.8423333333333,1.0633055555555555
12:47:16.39,-2:12:18.8,191.81829166666665,-2.2052222222222224
12:47:18.06,-2:9:47.6,191.82524999999998,-2.163222222222222
12:49:26.14,+61:29:19.3,192.35891666666663,61.48869444444445
12:49:38.91,+61:28:56.2,192.41212499999997,61.48227777777778
12:4:40.75,+9:54:54.3,181.16979166666664,9.915083333333333
12:4:49.73,+9:53:35.2,181.2072083333333,9.89311111111111
12:51:22.59,+4:15:47.5,192.844125,4.263194444444444
12:51:28.77,+4:16:2.5,192.86987499999998,4.267361111111111
12:54:20.52,+61:4:36.0,193.58549999999997,61.07666666666667
12:54:21.98,+61:4:22.0,193.59158333333332,61.07277777777778
12:57:56.58,-0:46:11.7,194.48574999999997,-0.7699166666666667
12:57:58.83,-0:44:41.2,194.49512499999997,-0.7447777777777778
12:59:55.46,+12:41:51.0,194.9810833333333,12.6975
12:59:55.62,+12:41:53.8,194.98174999999995,12.698277777777777
12:7:0.97,+1:15:39.4,181.75404166666667,1.2609444444444444
12:7:1.4,+1:15:4.7,181.75583333333333,1.2513055555555554
12:8:28.18,-2:9:14.5,182.11741666666663,-2.154027777777778
12:8:36.29,-2:7:26.5,182.1512083333333,-2.1240277777777776
12:9:19.63,+0:29:26.4,182.33179166666665,0.4906666666666667
12:9:22.39,+0:26:45.9,182.34329166666663,0.44608333333333333
13:0:19.22,+0:45:22.9,195.08008333333333,0.7563611111111112
13:0:29.02,+0:46:37.3,195.12091666666663,0.7770277777777779
13:0:44.52,-1:57:13.5,195.1855,-1.9537499999999999
13:0:45.56,-1:56:31.8,195.18983333333333,-1.9421666666666666
13:10:15.03,-1:0:27.9,197.56262499999997,-1.00775
13:10:28.51,+0:44:8.9,197.61879166666665,0.7358055555555555
13:10:31.42,+0:43:20.1,197.63091666666665,0.7222500000000001
13:10:31.96,+62:8:43.5,197.63316666666665,62.14541666666667
13:10:37.89,+62:8:21.6,197.65787499999996,62.13933333333333
13:10:46.15,+0:6:33.7,197.69229166666662,0.10936111111111112
13:10:55.86,+0:8:14.5,197.73274999999995,0.1373611111111111
13:10:9.85,-1:1:4.8,197.54104166666664,-1.018
13:11:22.19,+1:50:17.6,197.8424583333333,1.8382222222222224
13:11:32.88,+1:50:34.1,197.88699999999997,1.8428055555555558
13:27:58.84,-2:30:25.4,201.99516666666662,-2.5070555555555556
13:27:59.78,-2:31:40.3,201.9990833333333,-2.527861111111111
13:28:30.14,-1:57:32.8,202.1255833333333,-1.959111111111111
13:28:33.64,-1:57:27.9,202.14016666666663,-1.9577499999999999
13:2:5.04,-0:38:50.9,195.521,-0.6474722222222222
13:2:8.27,-0:37:31.6,195.5344583333333,-0.6254444444444445
13:35:46.18,+46:52:22.8,203.94241666666665,46.873
13:36:1.15,+46:51:18.6,204.00479166666665,46.85516666666667
13:37:13.08,+60:12:9.8,204.3045,60.20272222222223
13:37:13.13,+60:12:6.7,204.3047083333333,60.201861111111114
13:3:26.13,+51:0:51.3,195.85887499999998,51.01425
13:3:26.17,+51:0:47.5,195.85904166666666,51.013194444444444
13:43:12.86,+1:11:21.5,205.80358333333334,1.1893055555555556
13:43:14.72,-1:56:14.9,205.81133333333332,-1.9374722222222223
13:43:16.15,-1:55:15.0,205.81729166666665,-1.9208333333333332
13:43:7.34,+1:12:20.2,205.7805833333333,1.205611111111111
13:49:29.84,+12:27:7.0,207.37433333333328,12.451944444444443
13:49:30.0,+12:27:8.8,207.37499999999997,12.452444444444444
13:52:4.19,-1:46:12.4,208.01745833333334,-1.770111111111111
13:52:4.33,-1:49:34.4,208.01804166666665,-1.8262222222222222
13:54:39.97,-1:7:50.3,208.66654166666663,-1.130638888888889
13:54:40.4,-1:8:45.4,208.66833333333332,-1.1459444444444444
13:8:48.47,+62:30:6.0,197.20195833333332,62.501666666666665
13:8:55.68,+62:28:39.1,197.23199999999997,62.47752777777778
14:0:52.07,+12:32:35.2,210.2169583333333,12.543111111111111
14:0:52.56,+12:32:48.0,210.21899999999997,12.546666666666667
14:11:14.33,-1:31:52.5,212.8097083333333,-1.53125
14:11:7.51,-1:29:59.4,212.78129166666665,-1.4998333333333334
14:26:0.41,+64:51:33.1,216.5017083333333,64.85919444444444
14:26:18.91,+64:52:54.0,216.57879166666666,64.88166666666666
14:32:28.95,-1:6:13.6,218.120625,-1.103777777777778
14:32:29.24,-1:6:16.1,218.1218333333333,-1.1044722222222223
14:35:59.57,-2:20:56.4,218.9982083333333,-2.349
14:36:9.14,-2:20:5.5,219.0380833333333,-2.334861111111111
14:41:45.96,-2:3:19.8,220.44149999999996,-2.0555
14:41:48.31,-2:0:46.0,220.45129166666663,-2.012777777777778
14:44:40.61,+0:25:17.7,221.1692083333333,0.42158333333333337
14:44:45.03,+0:23:45.7,221.18762499999997,0.3960277777777778
14:45:3.6,+2:24:45.2,221.26499999999996,2.4125555555555556
14:45:7.84,+2:26:36.6,221.28266666666664,2.4435000000000002
14:48:44.81,+49:48:34.9,222.1867083333333,49.80969444444444
14:48:53.02,+49:48:18.1,222.22091666666665,49.805027777777774
14:5:1.94,+44:47:59.9,211.2580833333333,44.79997222222222
14:5:2.41,+44:47:54.4,211.26004166666664,44.79844444444444
14:7:2.09,+60:49:14.6,211.7587083333333,60.82072222222222
14:7:4.2,+60:47:38.8,211.76749999999998,60.79411111111111
14:9:53.74,+39:20:0.0,212.47391666666667,39.333333333333336
14:9:53.88,+39:19:53.4,212.47449999999998,39.331500000000005
15:14:53.34,+53:59:40.0,228.72224999999995,53.99444444444445
15:15:4.89,+53:57:55.5,228.77037499999997,53.96541666666667
15:30:38.56,+53:4:4.2,232.66066666666663,53.06783333333334
15:30:38.82,+53:4:0.8,232.66174999999996,53.06688888888889
15:34:40.62,+51:57:19.3,233.66924999999998,51.95536111111112
15:34:49.5,+51:56:19.0,233.70624999999995,51.93861111111111
15:39:13.57,+33:33:33.9,234.80654166666665,33.559416666666664
15:39:9.63,+33:35:7.4,234.790125,33.58538888888889
15:46:10.55,+51:34:29.5,236.54395833333334,51.57486111111111
15:46:14.24,+51:34:5.0,236.5593333333333,51.56805555555556
15:46:31.4,+47:27:52.9,236.6308333333333,47.46469444444445
15:46:34.35,+47:28:47.9,236.643125,47.47997222222222
15:47:20.76,+31:45:21.4,236.83649999999997,31.755944444444445
15:47:33.18,+31:46:2.2,236.88824999999997,31.767277777777778
15:4:33.09,+3:33:13.0,226.13787499999995,3.553611111111111
15:4:39.5,+3:31:34.7,226.1645833333333,3.5263055555555556
15:55:57.07,-0:36:8.4,238.98779166666662,-0.6023333333333333
15:56:1.32,-0:36:59.3,239.00549999999998,-0.6164722222222222
15:8:42.21,+33:28:2.6,227.17587499999996,33.46738888888889
15:8:42.22,+33:28:5.5,227.1759166666666,33.46819444444445
15:9:25.65,+50:56:9.6,227.35687499999997,50.936
15:9:32.23,+50:57:51.7,227.38429166666663,50.96436111111112
16:0:15.5,+0:0:45.5,240.06458333333327,0.012638888888888889
16:0:15.5,+0:0:45.5,240.06458333333327,0.012638888888888889
16:29:2.59,+37:24:30.8,247.26079166666668,37.40855555555555
16:29:2.63,+37:24:35.2,247.26095833333332,37.40977777777778
17:10:27.92,+32:12:35.3,257.61633333333333,32.20980555555556
17:10:36.79,+32:14:28.5,257.6532916666667,32.24125
17:18:37.17,+30:28:52.8,259.654875,30.481333333333332
17:18:45.05,+30:26:47.2,259.6877083333333,30.446444444444445
17:18:48.29,+61:18:5.2,259.7012083333333,61.30144444444444
17:18:59.23,+61:19:34.4,259.7467916666667,61.32622222222223
17:19:45.87,+25:49:51.3,259.94112499999994,25.830916666666667
17:19:46.66,+25:49:41.2,259.9444166666666,25.82811111111111
17:23:17.3,+59:4:43.2,260.8220833333333,59.07866666666667
17:23:17.42,+59:4:46.8,260.8225833333333,59.07966666666667
17:7:51.64,+33:29:20.1,256.9651666666666,33.48891666666667
17:7:57.55,+33:29:34.4,256.98979166666663,33.49288888888889
1:17:27.57,-0:29:11.7,19.364874999999994,-0.4865833333333333
1:17:31.09,-0:30:2.3,19.37954166666666,-0.5006388888888889
1:17:58.0,+0:21:4.1,19.491666666666664,0.3511388888888889
1:17:58.84,+0:20:21.5,19.495166666666663,0.3393055555555555
1:17:7.52,+31:53:41.2,19.28133333333333,31.894777777777776
1:17:8.39,+31:53:38.7,19.28495833333333,31.894083333333334
1:29:42.65,-0:55:59.0,22.42770833333333,-0.9330555555555555
1:29:45.47,-0:57:4.9,22.43945833333333,-0.9513611111111111
1:37:22.54,-0:36:0.1,24.343916666666665,-0.6000277777777777
1:37:32.24,-0:34:52.1,24.38433333333333,-0.5811388888888889
1:39:17.83,+0:10:56.0,24.824291666666664,0.1822222222222222
1:39:27.17,+0:9:31.4,24.86320833333333,0.1587222222222222
1:41:10.41,+0:31:7.1,25.293374999999997,0.518638888888889
1:41:11.63,+0:31:45.9,25.298458333333333,0.5294166666666668
1:50:10.16,+0:29:7.5,27.542333333333332,0.48541666666666666
1:50:17.71,+0:29:2.4,27.573791666666665,0.484
1:58:0.43,+0:13:57.1,29.501791666666662,0.23252777777777778
1:58:10.78,+0:14:41.0,29.544916666666666,0.24472222222222223
1:6:43.11,+0:24:35.1,16.679625,0.40975
1:6:54.05,+0:23:45.0,16.72520833333333,0.39583333333333337
20:51:36.52,+0:21:19.5,312.9021666666667,0.35541666666666666
20:51:46.39,+0:21:37.0,312.94329166666665,0.36027777777777775
20:58:47.75,+0:3:44.9,314.6989583333333,0.06247222222222222
20:58:49.59,+0:5:35.1,314.7066249999999,0.09308333333333332
21:17:21.65,-6:2:36.7,319.3402083333333,-6.043527777777777
21:17:28.92,-6:1:49.4,319.3705,-6.030388888888889
21:28:57.38,-6:17:50.9,322.23908333333327,-6.297472222222222
21:28:57.74,-6:17:57.2,322.2405833333333,-6.299222222222222
22:14:26.79,+13:26:52.3,333.61162499999995,13.447861111111111
22:14:27.03,+13:26:57.0,333.612625,13.449166666666667
22:20:29.53,+12:47:45.1,335.1230416666666,12.795861111111112
22:20:30.26,+12:47:33.5,335.12608333333327,12.792638888888888
22:24:46.92,-1:2:45.6,336.1954999999999,-1.046
22:24:49.73,-1:3:28.8,336.2072083333333,-1.058
22:42:55.23,-1:9:24.8,340.730125,-1.1568888888888889
22:43:4.09,-1:9:46.5,340.7670416666666,-1.1629166666666666
23:0:13.83,-0:8:13.4,345.057625,-0.13705555555555554
23:0:9.1,-0:10:1.7,345.03791666666666,-0.1671388888888889
23:13:12.48,+0:9:12.7,348.30199999999996,0.15352777777777776
23:13:14.58,+0:7:19.8,348.3107499999999,0.12216666666666667
23:25:38.02,+0:57:20.0,351.40841666666665,0.9555555555555555
23:25:46.71,+0:56:10.7,351.444625,0.9363055555555556
23:46:1.91,+1:4:42.8,356.5079583333333,1.0785555555555555
23:46:8.86,+1:3:57.0,356.53691666666657,1.0658333333333334
23:48:19.19,+0:57:17.5,357.0799583333333,0.954861111111111
23:48:19.59,+0:57:21.5,357.081625,0.9559722222222222
23:52:20.2,-0:27:56.0,358.08416666666665,-0.46555555555555556
23:52:29.93,-0:27:2.5,358.1247083333333,-0.45069444444444445
2:1:42.25,+0:32:18.5,30.42604166666666,0.5384722222222222
2:1:43.49,+0:32:22.7,30.431208333333327,0.5396388888888889
2:21:53.52,-0:10:14.8,35.473,-0.17077777777777778
2:21:58.78,-0:10:44.4,35.49491666666666,-0.179
2:29:22.3,-0:3:34.4,37.34291666666667,-0.059555555555555556
2:29:23.44,-0:0:47.9,37.34766666666666,-0.013305555555555555
2:32:26.0,+0:6:32.1,38.10833333333333,0.10891666666666668
2:32:32.27,+0:5:52.9,38.13445833333333,0.09802777777777777
2:3:31.29,+0:57:41.7,30.88037499999999,0.9615833333333332
2:3:34.95,+0:59:55.6,30.895624999999992,0.9987777777777778
2:42:36.91,-8:12:14.0,40.65379166666666,-8.203888888888889
2:42:40.12,-8:10:53.8,40.66716666666667,-8.18161111111111
2:45:11.9,-1:13:17.6,41.299583333333324,-1.2215555555555557
2:45:12.08,-1:13:14.0,41.30033333333333,-1.2205555555555556
2:48:20.8,+0:9:56.7,42.08666666666666,0.16575
2:48:21.26,+0:9:57.3,42.088583333333325,0.16591666666666666
2:57:25.77,+0:14:44.1,44.357375,0.24558333333333335
2:57:27.25,+0:15:45.8,44.36354166666666,0.26272222222222225
2:58:13.66,-0:3:26.5,44.556916666666666,-0.05736111111111111
2:58:15.55,-0:3:34.2,44.564791666666665,-0.059500000000000004
2:6:46.97,+0:18:0.7,31.695708333333332,0.30019444444444443
2:6:54.38,+0:19:22.9,31.72658333333333,0.32302777777777775
3:12:19.69,-0:48:8.0,48.08204166666666,-0.8022222222222223
3:12:23.6,-0:49:10.7,48.09833333333333,-0.8196388888888889
3:15:1.18,-0:47:50.8,48.75491666666666,-0.7974444444444444
3:15:2.23,-0:45:50.7,48.759291666666655,-0.7640833333333333
3:22:31.37,+0:6:49.6,50.63070833333333,0.11377777777777778
3:22:41.93,+0:7:48.0,50.67470833333333,0.13
3:31:26.91,-0:0:10.0,52.86212499999999,-0.002777777777777778
3:31:31.18,-0:2:7.8,52.87991666666666,-0.0355
3:32:37.19,-7:22:19.6,53.154958333333326,-7.372111111111111
3:32:38.38,-7:22:15.9,53.15991666666666,-7.371083333333333
3:35:23.3,-0:22:3.9,53.84708333333333,-0.36774999999999997
3:35:31.71,-0:21:30.9,53.882125,-0.3585833333333333
3:39:12.37,+0:30:55.5,54.80154166666666,0.5154166666666666
3:39:8.28,+0:29:24.9,54.784499999999994,0.49025
3:42:10.11,+0:39:14.7,55.542125,0.6540833333333333
3:42:18.78,+0:42:7.3,55.57825,0.7020277777777777
3:50:53.05,-0:32:0.1,57.721041666666665,-0.5333611111111111
3:50:53.29,-0:31:14.7,57.72204166666666,-0.52075
7:40:13.43,+29:26:45.7,115.05595833333332,29.44602777777778
7:40:13.45,+29:26:48.4,115.05604166666666,29.44677777777778
7:40:49.1,+42:40:36.4,115.20458333333333,42.67677777777777
7:40:52.52,+42:39:35.5,115.21883333333332,42.65986111111111
7:43:36.85,+20:55:12.1,115.90354166666665,20.92002777777778
7:43:37.29,+20:54:37.1,115.90537499999999,20.910305555555553
7:46:32.81,+43:0:10.1,116.63670833333332,43.002805555555554
7:46:36.53,+43:2:6.7,116.65220833333332,43.03519444444444
7:47:59.02,+43:18:5.4,116.99591666666666,43.3015
7:47:59.66,+43:18:11.5,116.99858333333331,43.30319444444444
7:59:15.37,+25:39:51.8,119.81404166666665,25.664388888888887
7:59:23.64,+25:39:21.2,119.84849999999999,25.65588888888889
8:12:47.78,+25:22:42.0,123.1990833333333,25.378333333333334
8:12:49.56,+25:20:59.0,123.20649999999998,25.349722222222223
8:23:25.27,+44:58:50.4,125.85529166666663,44.98066666666667
8:23:29.8,+44:59:51.5,125.87416666666664,44.997638888888886
8:24:39.83,+23:57:20.3,126.16595833333334,23.95563888888889
8:24:40.61,+23:57:9.9,126.16920833333333,23.952749999999998
8:25:54.28,+29:42:44.7,126.47616666666664,29.712416666666666
8:26:4.57,+29:42:12.6,126.51904166666665,29.7035
8:40:31.37,+5:28:57.8,130.1307083333333,5.482722222222223
8:40:33.84,+5:26:26.0,130.14099999999996,5.440555555555556
8:41:13.75,+37:29:31.9,130.30729166666666,37.49219444444444
8:41:14.06,+37:30:38.5,130.3085833333333,37.51069444444445
8:41:19.92,+30:0:43.9,130.333,30.012194444444443
8:41:28.11,+29:59:41.2,130.367125,29.994777777777777
8:45:41.19,+7:10:50.3,131.42162499999998,7.180638888888889
8:45:41.53,+7:11:52.3,131.42304166666665,7.197861111111111
8:46:30.38,+27:49:18.1,131.62658333333334,27.821694444444443
8:46:31.77,+27:49:21.9,131.632375,27.82275
8:51:51.29,+41:9:46.0,132.9637083333333,41.16277777777778
8:51:53.48,+41:11:58.6,132.9728333333333,41.19961111111111
8:56:25.63,+51:11:37.4,134.10679166666665,51.19372222222222
8:56:26.71,+51:11:18.2,134.11129166666666,51.18838888888889
9:11:48.38,+47:3:6.1,137.9515833333333,47.05169444444444
9:11:58.28,+47:4:43.6,137.99283333333332,47.07877777777778
9:16:56.06,+2:21:37.6,139.2335833333333,2.3604444444444446
9:16:57.72,+2:20:14.8,139.2405,2.3374444444444444
9:18:32.2,+46:11:38.2,139.6341666666667,46.19394444444444
9:18:40.45,+46:9:48.4,139.66854166666667,46.163444444444444
9:21:47.78,+9:12:17.5,140.4490833333333,9.20486111111111
9:21:52.45,+9:13:51.6,140.46854166666662,9.231
9:22:11.56,+36:51:20.2,140.54816666666667,36.85561111111111
9:22:21.22,+36:49:35.6,140.58841666666666,36.82655555555556
9:31:31.37,+3:15:18.3,142.8807083333333,3.2550833333333333
9:31:38.28,+3:15:10.2,142.90949999999998,3.2528333333333332
9:35:51.45,+55:11:15.0,143.964375,55.1875
9:35:55.37,+55:12:40.5,143.98070833333333,55.21125
9:36:53.67,+44:55:12.4,144.22362499999997,44.92011111111111
9:36:57.65,+44:53:15.3,144.2402083333333,44.88758333333333
9:39:46.56,+59:53:20.7,144.944,59.88908333333333
9:39:48.78,+59:53:48.7,144.95325,59.89686111111111
9:3:35.28,+31:56:4.5,135.897,31.934583333333332
9:3:41.99,+31:58:14.9,135.9249583333333,31.970805555555554
9:47:35.06,+58:30:46.7,146.8960833333333,58.512972222222224
9:47:51.56,+58:30:28.1,146.96483333333333,58.50780555555556
9:49:39.93,+39:36:42.9,147.416375,39.611916666666666
9:49:42.44,+39:39:26.2,147.42683333333332,39.65727777777778
9:4:24.21,+7:10:15.9,136.10087499999997,7.171083333333334
9:4:33.32,+7:10:33.0,136.1388333333333,7.175833333333333
9:54:38.72,+36:40:15.5,148.66133333333332,36.67097222222222
9:54:38.92,+36:38:51.0,148.66216666666668,36.6475
9:55:24.37,+60:45:51.0,148.85154166666663,60.76416666666667
9:55:25.37,+60:45:33.8,148.85570833333333,60.759388888888886
9:55:56.38,+6:16:42.5,148.98491666666663,6.278472222222222
9:55:59.03,+6:17:1.9,148.9959583333333,6.283861111111111
9:59:7.05,+54:49:8.4,149.77937499999996,54.819
9:59:7.46,+54:49:6.7,149.78108333333333,54.81852777777778
9:6:53.59,+9:59:30.4,136.72329166666663,9.991777777777777
9:6:57.8,+10:1:21.5,136.7408333333333,10.02263888888889
9:7:23.24,+6:34:45.0,136.84683333333334,6.579166666666667
9:7:28.84,+6:34:22.1,136.87016666666665,6.572805555555555
9:7:35.29,+52:3:52.8,136.89704166666664,52.06466666666666
9:7:43.96,+52:3:22.8,136.93316666666664,52.05633333333333
9:8:12.98,+6:27:11.2,137.05408333333332,6.453111111111111
9:8:16.84,+6:26:7.4,137.07016666666664,6.435388888888889
9:9:23.13,+0:2:4.0,137.346375,0.034444444444444444
9:9:24.01,+0:2:11.0,137.35004166666664,0.03638888888888889
00:02:49,+00:45:04,0.7041666666666665,0.7511111111111111
00:02:49,+00:45:04,0.7041666666666665,0.7511111111111111
00:06:56,+15:48:47,1.7333333333333332,15.813055555555556
00:06:56,+15:48:47,1.7333333333333332,15.813055555555556
01:35:55,+14:35:29,23.979166666666664,14.59138888888889
01:35:55,+14:35:29,23.979166666666664,14.59138888888889
01:42:09,-00:50:49,25.537499999999994,-0.8469444444444445
01:42:09,-00:50:49,25.537499999999994,-0.8469444444444445
01:56:05,-00:07:21,29.02083333333333,-0.1225
01:56:05,-00:07:21,29.02083333333333,-0.1225
07:35:09,+40:36:24,113.7875,40.60666666666667
07:35:09,+40:36:24,113.7875,40.60666666666667
07:47:29,+34:40:18,116.87083333333332,34.67166666666667
07:47:29,+34:40:18,116.87083333333332,34.67166666666667
07:49:53,+45:14:54,117.47083333333332,45.248333333333335
07:49:53,+45:14:54,117.47083333333332,45.248333333333335
07:52:23,+27:36:43,118.09583333333333,27.611944444444447
07:52:23,+27:36:43,118.09583333333333,27.611944444444447
08:02:18,+30:46:22,120.57499999999999,30.772777777777776
08:02:18,+30:46:22,120.57499999999999,30.772777777777776
08:04:18,+30:51:57,121.07499999999999,30.865833333333335
08:04:18,+30:51:57,121.07499999999999,30.865833333333335
08:07:40,+39:00:15,121.91666666666666,39.00416666666667
08:07:40,+39:00:15,121.91666666666666,39.00416666666667
08:08:41,+48:13:51,122.17083333333329,48.23083333333334
08:08:41,+48:13:51,122.17083333333329,48.23083333333334
08:14:30,+26:57:29,123.62499999999997,26.958055555555553
08:14:30,+26:57:29,123.62499999999997,26.958055555555553
08:21:07,+50:21:15,125.27916666666664,50.35416666666667
08:21:07,+50:21:15,125.27916666666664,50.35416666666667
08:54:16,+50:26:31,133.56666666666666,50.44194444444444
08:54:16,+50:26:31,133.56666666666666,50.44194444444444
08:55:12,+64:23:45,133.79999999999998,64.39583333333334
08:55:12,+64:23:45,133.79999999999998,64.39583333333334
08:58:41,+10:41:22,134.67083333333332,10.689444444444444
08:58:41,+10:41:22,134.67083333333332,10.689444444444444
09:41:24,+39:44:41,145.34999999999997,39.74472222222222
09:41:24,+39:44:41,145.34999999999997,39.74472222222222
09:44:27,+14:47:17,146.11249999999998,14.788055555555555
09:44:27,+14:47:17,146.11249999999998,14.788055555555555
09:55:28,+38:38:27,148.86666666666665,38.64083333333333
09:55:28,+38:38:27,148.86666666666665,38.64083333333333
09:58:33,-00:51:18,149.6375,-0.855
09:58:33,-00:51:18,149.6375,-0.855
10:11:43,+32:59:43,152.92916666666665,32.99527777777778
10:11:43,+32:59:43,152.92916666666665,32.99527777777778
10:13:46,-00:54:51,153.44166666666666,-0.9141666666666667
10:13:46,-00:54:51,153.44166666666666,-0.9141666666666667
10:13:48,+00:20:14,153.45,0.3372222222222222
10:13:48,+00:20:14,153.45,0.3372222222222222
10:23:25,+32:43:48,155.85416666666666,32.730000000000004
10:23:25,+32:43:48,155.85416666666666,32.730000000000004
10:48:13,+44:27:10,162.05416666666665,44.45277777777778
10:48:13,+44:27:10,162.05416666666665,44.45277777777778
10:56:53,+33:19:45,164.2208333333333,33.32916666666667
10:56:53,+33:19:45,164.2208333333333,33.32916666666667
11:02:15,+29:07:25,165.56249999999997,29.12361111111111
11:02:15,+29:07:25,165.56249999999997,29.12361111111111
11:08:21,+59:18:51,167.08749999999998,59.314166666666665
11:08:21,+59:18:51,167.08749999999998,59.314166666666665
11:08:32,+19:51:28,167.1333333333333,19.85777777777778
11:08:32,+19:51:28,167.1333333333333,19.85777777777778
11:09:57,+02:01:38,167.48749999999998,2.027222222222222
11:09:57,+02:01:38,167.48749999999998,2.027222222222222
11:10:42,+03:00:33,167.67499999999998,3.0091666666666668
11:10:42,+03:00:33,167.67499999999998,3.0091666666666668
11:10:54,+01:29:36,167.72499999999997,1.4933333333333334
11:10:54,+01:29:36,167.72499999999997,1.4933333333333334
11:12:01,+27:50:53,168.00416666666663,27.848055555555554
11:12:01,+27:50:53,168.00416666666663,27.848055555555554
11:13:33,+16:57:11,168.3875,16.953055555555554
11:13:33,+16:57:11,168.3875,16.953055555555554
11:18:03,+06:26:57,169.5125,6.449166666666667
11:18:03,+06:26:57,169.5125,6.449166666666667
11:26:59,+29:44:42,171.7458333333333,29.745
11:26:59,+29:44:42,171.7458333333333,29.745
11:31:26,-02:04:59,172.85833333333332,-2.0830555555555557
11:31:26,-02:04:59,172.85833333333332,-2.0830555555555557
11:36:30,+13:58:48,174.12499999999997,13.98
11:36:30,+13:58:48,174.12499999999997,13.98
11:37:59,+14:37:33,174.4958333333333,14.625833333333334
11:37:59,+14:37:33,174.4958333333333,14.625833333333334
11:40:47,+44:52:08,175.1958333333333,44.86888888888889
11:40:47,+44:52:08,175.1958333333333,44.86888888888889
11:42:49,+10:27:00,175.70416666666662,10.45
11:42:49,+10:27:00,175.70416666666662,10.45
11:46:10,-02:26:19,176.54166666666666,-2.4386111111111113
11:46:10,-02:26:19,176.54166666666666,-2.4386111111111113
11:48:40,-02:16:37,177.16666666666666,-2.276944444444444
11:48:40,-02:16:37,177.16666666666666,-2.276944444444444
11:50:28,+04:41:41,177.61666666666665,4.6947222222222225
11:50:28,+04:41:41,177.61666666666665,4.6947222222222225
11:52:49,+19:03:00,178.20416666666665,19.05
11:52:49,+19:03:00,178.20416666666665,19.05
11:55:48,+11:01:59,178.95,11.033055555555556
11:55:48,+11:01:59,178.95,11.033055555555556
12:03:20,+13:19:31,180.83333333333334,13.325277777777778
12:03:20,+13:19:31,180.83333333333334,13.325277777777778
12:03:57,+28:08:56,180.98749999999998,28.148888888888887
12:03:57,+28:08:56,180.98749999999998,28.148888888888887
12:08:02,+23:04:30,182.0083333333333,23.075
12:08:02,+23:04:30,182.0083333333333,23.075
12:13:11,+65:08:18,183.29583333333332,65.13833333333334
12:13:11,+65:08:18,183.29583333333332,65.13833333333334
12:15:27,+00:01:09,183.86249999999998,0.019166666666666665
12:15:27,+00:01:09,183.86249999999998,0.019166666666666665
12:35:24,+06:08:10,188.84999999999997,6.136111111111112
12:35:24,+06:08:10,188.84999999999997,6.136111111111112
12:35:38,+05:02:21,188.90833333333333,5.039166666666667
12:35:38,+05:02:21,188.90833333333333,5.039166666666667
12:50:49,+07:46:18,192.70416666666665,7.7716666666666665
12:50:49,+07:46:18,192.70416666666665,7.7716666666666665
13:12:35,+50:04:15,198.14583333333331,50.07083333333334
13:12:35,+50:04:15,198.14583333333331,50.07083333333334
13:15:15,+21:34:03,198.81249999999997,21.5675
13:15:15,+21:34:03,198.81249999999997,21.5675
13:25:47,+54:50:19,201.4458333333333,54.83861111111111
13:25:47,+54:50:19,201.4458333333333,54.83861111111111
13:37:23,+03:53:50,204.34583333333333,3.897222222222222
13:37:23,+03:53:50,204.34583333333333,3.897222222222222
13:38:04,+26:42:09,204.51666666666665,26.7025
13:38:04,+26:42:09,204.51666666666665,26.7025
13:52:07,+05:25:55,208.02916666666664,5.4319444444444445
13:52:07,+05:25:55,208.02916666666664,5.4319444444444445
14:20:39,+49:59:06,215.1625,49.985
14:20:39,+49:59:06,215.1625,49.985
14:31:32,+43:58:07,217.88333333333333,43.968611111111116
14:31:32,+43:58:07,217.88333333333333,43.968611111111116
14:34:34,+14:05:48,218.64166666666662,14.096666666666668
14:34:34,+14:05:48,218.64166666666662,14.096666666666668
14:52:17,+51:10:50,223.07083333333333,51.18055555555555
14:52:17,+51:10:50,223.07083333333333,51.18055555555555
14:58:01,+27:42:51,224.50416666666663,27.714166666666667
14:58:01,+27:42:51,224.50416666666663,27.714166666666667
15:00:53,+38:23:49,225.2208333333333,38.39694444444444
15:00:53,+38:23:49,225.2208333333333,38.39694444444444
15:04:52,+32:14:14,226.21666666666664,32.23722222222222
15:04:52,+32:14:14,226.21666666666664,32.23722222222222
15:16:59,+05:17:51,229.2458333333333,5.2975
15:16:59,+05:17:51,229.2458333333333,5.2975
15:17:09,+33:53:24,229.28749999999997,33.89
15:17:09,+33:53:24,229.28749999999997,33.89
15:26:06,+41:40:14,231.52499999999998,41.67055555555555
15:26:06,+41:40:14,231.52499999999998,41.67055555555555
15:32:17,+45:32:25,233.0708333333333,45.540277777777774
15:32:17,+45:32:25,233.0708333333333,45.540277777777774
15:33:15,+57:50:01,233.31249999999997,57.83361111111111
15:33:15,+57:50:01,233.31249999999997,57.83361111111111
15:52:05,+04:33:17,238.02083333333331,4.554722222222222
15:52:05,+04:33:17,238.02083333333331,4.554722222222222
15:56:19,+09:48:55,239.07916666666665,9.815277777777778
15:56:19,+09:48:55,239.07916666666665,9.815277777777778
16:00:24,+26:40:35,240.1,26.67638888888889
16:00:24,+26:40:35,240.1,26.67638888888889
16:04:36,+50:09:58,241.14999999999998,50.16611111111111
16:04:36,+50:09:58,241.14999999999998,50.16611111111111
16:05:24,+15:22:33,241.34999999999997,15.375833333333334
16:05:24,+15:22:33,241.34999999999997,15.375833333333334
16:06:36,+34:27:54,241.65,34.465
16:06:36,+34:27:54,241.65,34.465
16:10:06,+21:07:35,242.52499999999998,21.12638888888889
16:10:06,+21:07:35,242.52499999999998,21.12638888888889
16:29:39,+24:08:56,247.4125,24.148888888888887
16:29:39,+24:08:56,247.4125,24.148888888888887
16:33:16,+26:27:16,248.31666666666666,26.454444444444444
16:33:16,+26:27:16,248.31666666666666,26.454444444444444
16:52:06,+31:07:07,253.02499999999995,31.11861111111111
16:52:06,+31:07:07,253.02499999999995,31.11861111111111
22:54:20,-00:51:34,343.58333333333326,-0.8594444444444445
22:54:20,-00:51:34,343.58333333333326,-0.8594444444444445
23:04:42,-09:33:45,346.17499999999995,-9.5625
23:04:42,-09:33:45,346.17499999999995,-9.5625
23:10:51,-09:00:11,347.7125,-9.003055555555555
23:10:51,-09:00:11,347.7125,-9.003055555555555
10:1:28.35,+50:27:58.4,150.368125,50.46622222222223
10:1:28.61,+50:27:56.9,150.36920833333332,50.465805555555555
10:33:40.33,+2:28:30.6,158.41804166666665,2.475166666666667
10:33:40.52,+2:28:31.1,158.41883333333334,2.475305555555556
10:39:39.32,+10:2:53.0,159.91383333333332,10.048055555555555
10:39:39.53,+10:2:54.4,159.91470833333332,10.048444444444444
10:41:10.01,+5:14:43.7,160.2917083333333,5.245472222222222
10:41:9.72,+5:14:47.6,160.2905,5.246555555555555
10:44:21.07,+4:29:50.8,161.08779166666662,4.497444444444445
10:44:21.23,+4:29:49.7,161.0884583333333,4.497138888888889
10:45:30.7,+51:6:11.4,161.37791666666664,51.10316666666667
10:45:31.09,+51:6:15.4,161.37954166666665,51.10427777777778
10:4:34.8,+41:12:39.3,151.14499999999998,41.21091666666667
10:4:34.92,+41:12:42.8,151.1455,41.21188888888889
10:7:35.42,+1:25:59.3,151.8975833333333,1.433138888888889
10:7:35.59,+1:25:55.9,151.89829166666667,1.4321944444444445
11:10:53.63,+60:53:48.0,167.7234583333333,60.89666666666667
11:10:54.11,+60:53:43.2,167.72545833333328,60.89533333333333
11:18:44.4,+14:28:54.9,169.685,14.481916666666667
11:18:44.67,+14:28:50.7,169.68612499999998,14.48075
11:25:56.32,+14:31:48.1,171.48466666666664,14.530027777777779
11:25:56.55,+14:31:52.1,171.48562499999997,14.53113888888889
11:36:37.53,+56:35:0.5,174.15637499999997,56.58347222222223
11:36:38.09,+56:35:3.9,174.15870833333332,56.58441666666667
11:3:51.87,+44:36:2.6,165.966125,44.600722222222224
11:3:52.17,+44:36:4.2,165.96737499999998,44.60116666666667
11:45:3.06,+66:2:11.3,176.26274999999998,66.03647222222222
11:45:3.74,+66:2:8.7,176.26558333333332,66.03575
11:47:18.45,+12:34:39.8,176.82687499999997,12.577722222222222
11:47:18.67,+12:34:36.3,176.82779166666666,12.57675
11:51:18.88,+46:52:35.1,177.82866666666666,46.876416666666664
11:51:19.05,+46:52:34.5,177.82937499999997,46.87625
11:52:17.32,-0:47:50.2,178.07216666666665,-0.7972777777777778
11:52:17.32,-0:47:46.2,178.07216666666665,-0.7961666666666667
11:58:22.78,+12:35:18.6,179.59491666666665,12.5885
11:58:22.99,+12:35:20.3,179.59579166666663,12.588972222222223
12:16:45.93,+35:29:41.6,184.191375,35.49488888888889
12:16:46.05,+35:29:41.5,184.19187499999998,35.49486111111111
12:31:22.28,+49:34:33.9,187.84283333333335,49.57608333333334
12:31:22.38,+49:34:30.8,187.84324999999998,49.57522222222222
12:35:54.78,+68:36:24.8,188.97825,68.60688888888889
12:35:55.27,+68:36:27.1,188.98029166666666,68.60752777777778
12:49:48.13,+6:7:9.0,192.45054166666665,6.119166666666667
12:49:48.18,+6:7:14.0,192.45074999999997,6.120555555555555
12:4:50.54,+44:28:35.9,181.21058333333332,44.47663888888889
12:4:50.78,+44:28:34.2,181.21158333333332,44.47616666666667
12:55:30.44,+63:9:0.5,193.87683333333328,63.15013888888889
12:55:30.82,+63:9:2.1,193.87841666666665,63.15058333333333
12:59:55.46,+12:41:51.1,194.9810833333333,12.697527777777777
12:59:55.62,+12:41:53.8,194.98174999999995,12.698277777777777
12:5:17.35,+6:21:25.3,181.32229166666667,6.357027777777778
12:5:17.72,+6:21:27.1,181.3238333333333,6.3575277777777774
12:6:29.65,+43:32:20.6,181.62354166666665,43.53905555555556
12:6:29.65,+43:32:17.6,181.62354166666665,43.53822222222222
12:7:27.1,+14:8:17.2,181.86291666666665,14.13811111111111
12:7:27.26,+14:8:20.4,181.8635833333333,14.139
12:8:44.98,+35:10:47.8,182.18741666666662,35.179944444444445
12:8:45.14,+35:10:51.1,182.1880833333333,35.180861111111106
12:8:7.68,+12:46:2.4,182.03199999999995,12.767333333333335
12:8:8.04,+12:46:5.0,182.03349999999998,12.768055555555556
12:9:57.67,+11:36:59.4,182.49029166666665,11.6165
12:9:57.72,+11:36:56.6,182.49049999999997,11.615722222222223
13:0:36.15,+8:27:59.9,195.15062499999996,8.466638888888887
13:0:36.44,+8:28:2.9,195.15183333333331,8.467472222222222
13:20:22.55,+30:56:22.9,200.09395833333332,30.939694444444445
13:20:22.64,+30:56:18.3,200.0943333333333,30.93841666666667
13:31:14.19,+14:38:37.1,202.80912499999997,14.643638888888889
13:31:14.29,+14:38:34.4,202.80954166666663,14.642888888888889
13:31:28.87,+37:37:14.4,202.87029166666667,37.620666666666665
13:31:29.02,+37:37:9.4,202.87091666666666,37.619277777777775
13:37:13.08,+60:12:9.7,204.3045,60.20269444444445
13:37:13.13,+60:12:6.6,204.3047083333333,60.20183333333333
13:39:1.91,+62:8:47.7,204.7579583333333,62.14658333333333
13:39:1.98,+62:8:51.6,204.75824999999998,62.147666666666666
13:39:7.14,+13:10:39.6,204.77974999999998,13.177666666666665
13:39:7.23,+13:10:38.7,204.78012499999997,13.177416666666666
13:3:26.14,+51:0:51.0,195.85891666666666,51.01416666666667
13:3:26.18,+51:0:47.2,195.8590833333333,51.01311111111111
13:49:29.85,+12:27:6.9,207.37437499999996,12.451916666666666
13:49:30.01,+12:27:8.8,207.37504166666665,12.452444444444444
14:18:55.42,+24:41:8.9,214.73091666666664,24.685805555555557
14:18:55.54,+24:41:4.7,214.73141666666663,24.684638888888887
14:23:59.48,+54:52:50.8,215.99783333333332,54.88077777777778
14:24:0.01,+54:52:48.8,216.00004166666665,54.88022222222222
14:26:4.27,+7:19:25.9,216.51779166666665,7.3238611111111105
14:26:4.33,+7:19:30.0,216.51804166666665,7.325
14:30:2.66,+7:14:15.6,217.51108333333332,7.237666666666667
14:30:2.89,+7:14:11.3,217.51204166666665,7.236472222222222
14:31:4.65,+27:5:24.7,217.769375,27.090194444444442
14:31:4.98,+27:5:28.6,217.77075,27.091277777777776
14:32:28.95,-1:6:13.6,218.120625,-1.103777777777778
14:32:29.25,-1:6:16.1,218.12187499999996,-1.1044722222222223
14:39:49.67,+6:1:8.0,219.9569583333333,6.018888888888889
14:39:49.83,+6:1:3.2,219.95762499999998,6.017555555555555
14:44:22.21,+54:13:21.5,221.09254166666662,54.22263888888889
14:44:22.59,+54:13:20.6,221.09412499999996,54.222388888888894
14:47:40.62,+63:27:33.0,221.91924999999998,63.45916666666667
14:47:41.1,+63:27:35.4,221.92125,63.459833333333336
14:58:26.17,+54:48:14.8,224.60904166666666,54.804111111111105
14:58:26.73,+54:48:13.2,224.61137499999998,54.803666666666665
15:10:55.73,+37:41:19.3,227.7322083333333,37.688694444444444
15:10:55.97,+37:41:24.2,227.7332083333333,37.69005555555555
15:12:58.07,+29:51:48.1,228.2419583333333,29.86336111111111
15:12:58.43,+29:51:50.4,228.2434583333333,29.864
15:17:9.56,+8:44:16.5,229.28983333333332,8.737916666666665
15:17:9.89,+8:44:14.3,229.29120833333332,8.737305555555555
15:18:23.06,+29:59:25.5,229.59608333333333,29.99041666666667
15:18:23.43,+29:59:27.6,229.59762499999997,29.991
15:20:19.86,+23:41:7.2,230.08274999999998,23.685333333333332
15:20:20.12,+23:41:6.6,230.08383333333333,23.685166666666667
15:20:50.04,+26:37:40.9,230.2085,26.628027777777778
15:20:50.19,+26:37:40.9,230.20912499999997,26.628027777777778
15:30:38.56,+53:4:4.0,232.66066666666663,53.06777777777778
15:30:38.82,+53:4:0.6,232.66174999999996,53.066833333333335
15:43:34.28,+26:46:57.8,235.8928333333333,26.782722222222223
15:43:34.29,+26:46:54.2,235.89287499999998,26.78172222222222
15:45:15.73,+27:55:59.3,236.31554166666663,27.93313888888889
15:45:15.98,+27:56:1.1,236.31658333333328,27.93363888888889
15:59:8.22,+26:40:36.7,239.78424999999996,26.676861111111112
15:59:8.39,+26:40:31.9,239.7849583333333,26.67552777777778
15:6:56.87,+50:56:10.6,226.7369583333333,50.936277777777775
15:6:57.18,+50:56:7.9,226.73824999999997,50.93552777777777
15:7:46.91,+29:3:34.2,226.9454583333333,29.0595
15:7:47.23,+29:3:33.3,226.94679166666663,29.059250000000002
15:8:42.2,+33:28:2.6,227.1758333333333,33.46738888888889
15:8:42.22,+33:28:5.5,227.1759166666666,33.46819444444445
16:0:32.31,+16:33:47.2,240.13462499999997,16.563111111111112
16:0:32.54,+16:33:48.5,240.1355833333333,16.563472222222224
16:24:19.81,+35:6:49.7,246.08254166666663,35.11380555555556
16:24:19.99,+35:6:44.5,246.08329166666658,35.11236111111111
16:28:47.75,+41:30:45.4,247.19895833333328,41.51261111111111
16:28:48.07,+41:30:43.2,247.20029166666663,41.512
16:29:2.59,+37:24:30.8,247.26079166666668,37.40855555555555
16:29:2.63,+37:24:35.2,247.26095833333332,37.40977777777778
16:35:10.15,+29:11:20.6,248.7922916666666,29.189055555555555
16:35:10.31,+29:11:16.2,248.7929583333333,29.187833333333334
16:37:0.88,+26:36:13.7,249.25366666666665,26.603805555555557
16:37:0.93,+26:36:9.9,249.253875,26.60275
16:41:30.81,+23:8:37.7,250.37837499999998,23.143805555555556
16:41:30.91,+23:8:43.0,250.37879166666664,23.14527777777778
16:43:11.34,+31:56:18.4,250.79724999999996,31.938444444444446
16:43:11.39,+31:56:20.6,250.79745833333328,31.939055555555555
16:49:28.79,+17:33:6.5,252.3699583333333,17.551805555555557
16:49:29.0,+17:33:8.6,252.37083333333328,17.55238888888889
16:6:2.81,+29:0:48.8,241.5117083333333,29.013555555555556
16:6:3.02,+29:0:50.9,241.51258333333334,29.01413888888889
16:9:26.29,+7:53:24.4,242.35954166666662,7.890111111111111
16:9:26.58,+7:53:23.2,242.36074999999994,7.889777777777777
17:13:34.41,+55:30:50.4,258.39337499999993,55.514
17:13:35.04,+55:30:47.9,258.39599999999996,55.513305555555554
17:23:17.31,+59:4:42.8,260.82212499999997,59.07855555555556
17:23:17.42,+59:4:46.4,260.8225833333333,59.07955555555556
17:7:35.77,+27:42:33.9,256.8990416666666,27.709416666666666
17:7:36.05,+27:42:38.6,256.9002083333333,27.71072222222222
20:37:18.25,-5:12:33.3,309.32604166666664,-5.20925
20:37:18.31,-5:12:33.7,309.32629166666663,-5.209361111111111
20:58:22.18,-0:20:1.4,314.5924166666666,-0.3337222222222222
20:58:22.47,-0:20:3.7,314.593625,-0.3343611111111111
21:11:57.25,+9:15:59.3,317.98854166666666,9.266472222222223
21:11:57.27,+9:15:54.3,317.98862499999996,9.265083333333333
22:14:26.79,+13:26:52.4,333.61162499999995,13.447888888888889
22:14:27.03,+13:26:57.0,333.612625,13.449166666666667
22:24:23.36,-9:46:45.5,336.09733333333327,-9.779305555555556
22:24:23.7,-9:46:42.6,336.09874999999994,-9.778500000000001
23:9:46.53,+15:21:45.5,347.44387499999993,15.362638888888888
23:9:46.69,+15:21:43.0,347.4445416666666,15.361944444444443
2:40:37.11,-7:6:23.9,40.15462499999999,-7.106638888888889
2:40:37.35,-7:6:26.3,40.15562499999999,-7.1073055555555555
2:49:7.78,+0:39:17.1,42.282416666666656,0.65475
2:49:7.87,+0:39:12.4,42.282791666666654,0.6534444444444445
3:41:34.79,-6:31:45.7,55.39495833333333,-6.529361111111111
3:41:34.91,-6:31:50.4,55.39545833333333,-6.530666666666667
7:18:3.09,+40:20:59.2,109.51287499999998,40.34977777777778
7:18:3.51,+40:21:2.7,109.514625,40.35075
7:30:9.56,+35:41:52.0,112.53983333333332,35.69777777777777
7:30:9.66,+35:41:49.2,112.54024999999999,35.696999999999996
7:53:39.87,+17:34:10.7,118.41612499999998,17.56963888888889
7:53:40.08,+17:34:8.0,118.41699999999999,17.56888888888889
8:13:12.64,+54:16:49.9,123.30266666666665,54.28052777777778
8:13:13.11,+54:16:47.0,123.30462499999999,54.27972222222222
8:18:3.83,+19:17:3.5,124.51595833333332,19.28430555555556
8:18:4.05,+19:17:3.8,124.516875,19.28438888888889
8:32:58.35,+32:30:3.4,128.243125,32.50094444444444
8:32:58.57,+32:30:0.1,128.24404166666665,32.50002777777778
8:36:49.46,+48:41:50.1,129.2060833333333,48.69725
8:36:49.55,+48:41:54.1,129.2064583333333,48.698361111111105
8:42:57.38,+47:33:42.6,130.7390833333333,47.56183333333333
8:42:57.64,+47:33:44.7,130.74016666666662,47.562416666666664
8:46:24.34,+27:9:58.4,131.60141666666667,27.16622222222222
8:46:24.51,+27:10:2.4,131.602125,27.167333333333335
8:50:11.82,+9:31:19.7,132.54925,9.52213888888889
8:50:11.87,+9:31:22.1,132.54945833333335,9.522805555555557
8:59:14.77,+42:41:23.7,134.81154166666664,42.68991666666666
8:59:15.16,+42:41:23.6,134.81316666666663,42.68988888888889
9:0:17.91,+3:12:32.0,135.07462499999997,3.208888888888889
9:0:18.13,+3:12:28.5,135.07554166666665,3.2079166666666667
9:24:56.85,+9:20:3.1,141.236875,9.334194444444446
9:24:57.09,+9:20:6.4,141.237875,9.335111111111111
9:25:44.3,+5:25:41.6,141.4345833333333,5.428222222222223
9:25:44.41,+5:25:45.3,141.43504166666665,5.429250000000001
9:26:59.17,+7:6:52.1,141.74654166666667,7.114472222222222
9:26:59.29,+7:6:56.6,141.74704166666666,7.115722222222222
9:2:35.36,+56:37:51.8,135.6473333333333,56.631055555555555
9:2:35.73,+56:37:56.3,135.648875,56.632305555555554
9:30:14.82,+42:0:38.7,142.56175,42.01075
9:30:15.02,+42:0:33.7,142.5625833333333,42.00936111111111
9:34:24.11,+42:11:35.0,143.6004583333333,42.19305555555555
9:34:24.32,+42:11:30.9,143.60133333333332,42.191916666666664
9:35:21.02,+64:12:19.9,143.83758333333333,64.20552777777777
9:35:21.81,+64:12:22.0,143.840875,64.20611111111111
9:37:34.88,+63:14:56.3,144.39533333333333,63.24897222222222
9:37:35.6,+63:14:58.6,144.39833333333334,63.249611111111115
9:38:4.26,+53:17:43.6,144.51774999999998,53.29544444444444
9:38:4.87,+53:17:42.8,144.52029166666662,53.29522222222222
9:43:9.36,+10:34:1.3,145.789,10.567027777777778
9:43:9.67,+10:34:0.6,145.79029166666663,10.566833333333333
9:54:54.74,+37:34:19.8,148.72808333333333,37.57216666666667
9:54:55.0,+37:34:20.0,148.72916666666666,37.57222222222222
9:58:40.75,+33:22:16.3,149.66979166666664,33.37119444444445
9:58:40.95,+33:22:11.6,149.67062499999997,33.36988888888889
9:59:7.06,+54:49:8.1,149.77941666666663,54.81891666666667
9:59:7.47,+54:49:6.4,149.78112499999997,54.818444444444445
0:44:34.1,+0:19:3.5,11.142083333333332,0.31763888888888886
0:44:39.3,+0:18:22.8,11.163749999999999,0.30633333333333335
10:16:1.5,+40:40:52.9,154.00625,40.68136111111111
10:16:5.8,+40:40:5.8,154.02416666666667,40.668277777777774
10:40:19.1,+32:21:56.4,160.0795833333333,32.36566666666667
10:40:4.0,+32:21:50.6,160.01666666666665,32.36405555555556
11:16:10.7,+41:18:14.5,169.04458333333332,41.304027777777776
11:16:11.7,+41:18:21.5,169.04874999999998,41.305972222222216
11:43:17.0,+13:24:0.8,175.82083333333333,13.400222222222222
11:43:23.4,+13:25:42.0,175.8475,13.428333333333333
11:45:47.5,-0:31:6.7,176.44791666666666,-0.5185277777777778
11:45:53.7,-0:33:4.5,176.47374999999997,-0.55125
11:7:25.7,+0:33:53.6,166.85708333333332,0.5648888888888889
11:7:27.1,+0:34:7.3,166.86291666666665,0.5686944444444444
12:12:51.1,-0:53:42.2,183.21291666666662,-0.8950555555555555
12:12:56.1,-0:53:36.5,183.23375,-0.8934722222222222
12:9:10.7,+11:35:45.2,182.29458333333332,11.59588888888889
12:9:17.9,+11:38:30.4,182.3245833333333,11.641777777777778
14:20:46.0,-0:5:18.0,215.19166666666666,-0.08833333333333333
14:20:55.6,-0:9:40.0,215.23166666666665,-0.1611111111111111
14:35:6.4,+0:9:1.5,218.77666666666664,0.15041666666666667
14:35:8.3,+0:8:44.4,218.7845833333333,0.14566666666666667
15:48:40.8,+53:37:8.6,237.17,53.619055555555555
15:48:50.2,+53:38:43.0,237.20916666666665,53.64527777777778
15:9:25.6,+50:56:9.3,227.35666666666665,50.935916666666664
15:9:32.2,+50:57:51.5,227.38416666666666,50.964305555555555
17:18:37.2,+30:28:52.0,259.655,30.481111111111108
17:18:45.0,+30:26:47.0,259.68749999999994,30.44638888888889
17:30:14.7,+54:56:57.5,262.56125,54.949305555555554
17:30:42.4,+54:56:1.1,262.6766666666666,54.933638888888886
21:42:22.2,-44:19:30.0,325.5924999999999,-44.325
21:42:25.9,-44:20:17.0,325.6079166666666,-44.338055555555556
23:9:11.9,-27:32:27.1,347.29958333333326,-27.540861111111113
23:9:15.3,-27:32:45.3,347.3137499999999,-27.545916666666667
2:10:0.1,-10:3:54.0,32.500416666666666,-10.065000000000001
2:9:54.8,-10:2:23.0,32.478333333333325,-10.039722222222222
3:10:36.5,-30:51:8.4,47.65208333333332,-30.852333333333334
3:10:41.1,-30:50:27.5,47.67124999999999,-30.84097222222222
8:36:59.8,+35:10:19.4,129.24916666666664,35.17205555555555
8:37:0.8,+35:5:50.2,129.25333333333333,35.097277777777784
8:3:21.3,+50:34:17.4,120.83874999999999,50.5715
8:3:5.8,+50:32:15.3,120.77416666666667,50.53758333333333
9:44:53.8,+50:43:0.0,146.22416666666663,50.71666666666667
9:44:54.2,-0:43:30.4,146.2258333333333,-0.7251111111111112
9:45:5.9,-0:46:44.9,146.2745833333333,-0.7791388888888889
9:45:8.0,+50:40:57.0,146.28333333333333,50.6825
9:46:42.4,+33:7:54.8,146.67666666666668,33.13188888888889
9:46:56.2,+33:6:25.8,146.73416666666665,33.10716666666667
9:9:23.1,+0:2:3.9,137.34625,0.034416666666666665
9:9:24.0,+0:2:11.0,137.34999999999997,0.03638888888888889
2:9:54.8,-10:2:23.0,32.478333333333325,-10.039722222222222
2:10:0.1,-10:3:54.0,32.500416666666666,-10.065000000000001
11:7:25.7,+0:33:53.6,166.85708333333332,0.5648888888888889
11:7:27.08,+0:34:7.3,166.86283333333333,0.5686944444444444
14:35:6.42,+0:9:1.5,218.77675,0.15041666666666667
14:35:8.32,+0:8:44.4,218.78466666666662,0.14566666666666667
11:16:10.68,+41:18:14.5,169.0445,41.304027777777776
11:16:11.73,+41:18:21.5,169.04887499999998,41.305972222222216
23:48:19.5,+0:57:21.5,357.08124999999995,0.9559722222222222
23:48:19.19,+0:57:17.5,357.0799583333333,0.954861111111111
16:37:00.9274884393,+26:36:09.893921938,249.25386453516376,26.602748311649446
16:37:00.873,+26:36:13.75,249.25363749999997,26.603819444444447
02:57:41.565,+06:01:36.89,44.4231875,6.026913888888889
02:57:41.651,+06:01:20.78,44.42354583333333,6.022438888888889
11:47:51.55402876,-07:24:41.1410887,176.96480845316665,-7.411428080194445
11:47:51.55402876,-07:24:41.1410887,176.96480845316665,-7.411428080194445
13:45:43.6422351780,+26:25:06.826057566,206.43184264657498,26.418562793768334
13:45:44.500,+26:25:06.00,206.43541666666664,26.418333333333333
11:23:20.7,+01:37:47,170.83624999999998,1.6297222222222223
11:23:20.48,+01:37:53.3,170.8353333333333,1.6314722222222222
01:53:53.8925288742,+05:02:57.111954574,28.474552203642496,5.049197765159445
01:53:53.8925288742,+05:02:57.111954574,28.474552203642496,5.049197765159445
15:34:57.22,+23:30:11.4,233.73841666666664,23.503166666666665
15:34:57.28,+23:30:11.3,233.73866666666663,23.503138888888888
04:33:11.0958197353,+05:21:15.617543663,68.2962325822304,5.354338206573055
04:33:11.0958197353,+05:21:15.617543663,68.2962325822304,5.354338206573055
12:10:57.07,+09:54:27.2,182.73779166666662,9.907555555555556
12:10:57.06,+09:54:26.7,182.73774999999998,9.907416666666666
12:18:41.0133977187,+50:15:35.870275829,184.67088915716124,50.25996396550806
12:18:40.4897806675,+50:15:43.438718453,184.66870741944788,50.26206631068139
10:42:25.7737782010,+12:12:39.877254393,160.60739074250415,12.211077015109167
10:42:25.7737782010,+12:12:39.877254393,160.60739074250415,12.211077015109167
21:43:35.5445519361,+17:43:48.787577197,325.8981022997337,17.73021877144361
21:43:35.5445519361,+17:43:48.787577197,325.8981022997337,17.73021877144361
18:42:08.9910523393,+79:46:17.129210139,280.5374627180804,79.77142478059416
18:42:08.9910523393,+79:46:17.129210139,280.5374627180804,79.77142478059416
19:27:48.4944745594,+73:58:01.571908984,291.95206031066414,73.96710330805111
19:27:48.4944745594,+73:58:01.571908984,291.95206031066414,73.96710330805111
02:40:07.8647997024,-34:34:19.121924786,40.032769998759996,-34.57197831244056
02:40:08.3954,-34:34:21.489,40.03498083333333,-34.57263583333334
21:41:16.34,-42:57:09.6,325.3180833333333,-42.95266666666667
21:41:16.34,-42:57:09.6,325.3180833333333,-42.95266666666667
22:14:56.9724119244,+35:51:25.658404975,333.737385049685,35.85712733471528
22:14:57.7,+35:51:28,333.74041666666665,35.85777777777778
21:55:53.5567942426,-20:41:46.392553014,328.9731533093441,-20.696220153615002
21:55:53.5567942426,-20:41:46.392553014,328.9731533093441,-20.696220153615002
16:43:11.3444,+31:56:18.640,250.79726833333328,31.93851111111111
16:43:11.38896,+31:56:20.6592,250.79745399999996,31.939072
02:52:57.86,-32:49:08.6,43.24108333333333,-32.81905555555556
02:52:57.91,-32:49:10.6,43.24129166666666,-32.819611111111115
05:14:10.7833,-33:26:22.504,78.54493041666666,-33.43958444444444
05:14:10.7687,-33:26:23.121,78.54486958333332,-33.43975583333333
14:39:52.580,-00:33:59.10,219.96908333333332,-0.5664166666666667
14:39:51.601,-00:34:29.15,219.96500416666663,-0.5747638888888889
16:33:49.0,+31:34:12,248.45416666666665,31.57
16:33:49.0,+31:34:12,248.45416666666665,31.57
01:06:21.1833030490,-27:33:49.016652399,16.588263762704166,-27.5636157367775
01:06:21.1833030490,-27:33:49.016652399,16.588263762704166,-27.5636157367775
23:36:46.2,-01:07:32.6,354.1925,-1.1257222222222223
23:36:45.1,-01:07:32.4,354.18791666666664,-1.1256666666666666
00:18:11.3889608936,+02:56:40.091339929,4.547454003723333,2.9444698166469445
00:18:11.3889608936,+02:56:40.091339929,4.547454003723333,2.9444698166469445
16:52:58.98,+02:24:02.8,253.24575,2.400777777777778
16:52:58.96,+02:24:01.0,253.24566666666664,2.4002777777777777
02:23:11.41124,+42:59:31.3840,35.79754683333333,42.99205111111111
02:23:11.41124,+42:59:31.3840,35.79754683333333,42.99205111111111
10:48:07.7446055,+00:55:43.481926,162.03226918958333,0.9287449794444445
10:48:07.7446055,+00:55:43.481926,162.03226918958333,0.9287449794444445
03:21:26.2,-45:30:27,50.35916666666667,-45.5075
03:21:25.8,-45:30:53,50.357499999999995,-45.514722222222225
