Name,z,Vmed,r,Name1,Name2,z2,z1_type,z2_type,RA1,Dec1,RA1_deg,Dec1_deg,RA2,Dec2,RA2_deg,Dec2_deg,Equinox,Coordinate_waveband,Coordinate_Source,System Type,Brightness1,Brightness_band1,Brightness_type1,Brightness2,Brightness_band2,Brightness_type2,Sep,dV,Selection Method,Confirmation Method,Paper(s),BibCode(s),DOI(s),Notes
UM 211,1.998,17.38,0.0,UM 211,UM 211,1.998,spec,spec,0:12:10.9,-1:22:7.6,3.045416666666666,-1.3687777777777779,0:12:10.9,-1:22:7.6,3.045416666666666,-1.3687777777777779,J2000,Optical,CRTS,Binary AGN Candidate,-100,-100,-100,-100,-100,-100,-99.0,0.0,Periodicity,-99,Graham+2015 ; Guo+2020,2015MNRAS.453.1562G ; 2020MNRAS.492.2910G,https://doi.org/10.1093/mnras/stv1726 ; https://doi.org/10.1093/mnras/stz3566,
UM 234,0.729,17.82,0.011,UM 234,UM 234,0.729,spec,spec,0:23:3.2,+1:15:33.9,5.763333333333333,1.2594166666666666,0:23:3.2,+1:15:33.9,5.763333333333333,1.2594166666666666,J2000,Optical,CRTS,Binary AGN Candidate,-100,-100,-100,-100,-100,-100,-99.0,0.0,Periodicity,-99,Graham+2015 ; Guo+2020,2015MNRAS.453.1562G ; 2020MNRAS.492.2910G,https://doi.org/10.1093/mnras/stv1726 ; https://doi.org/10.1093/mnras/stz3566,
SDSS J014350.13+141453.0,1.438,17.68,0.008,SDSS J014350.13+141453.0,SDSS J014350.13+141453.0,1.438,spec,spec,1:43:50.0,+14:14:54.9,25.958333333333332,14.248583333333332,1:43:50.0,+14:14:54.9,25.958333333333332,14.248583333333332,J2000,Optical,CRTS,Binary AGN Candidate,-100,-100,-100,-100,-100,-100,-99.0,0.0,Periodicity,-99,Graham+2015 ; Guo+2020,2015MNRAS.453.1562G ; 2020MNRAS.492.2910G,https://doi.org/10.1093/mnras/stv1726 ; https://doi.org/10.1093/mnras/stz3566,
PKS 0157+011,1.17,18.04,0.0,PKS 0157+011,PKS 0157+011,1.17,spec,spec,2:0:3.9,+1:25:12.6,30.016249999999996,1.4201666666666668,2:0:3.9,+1:25:12.6,30.016249999999996,1.4201666666666668,J2000,Optical,CRTS,Binary AGN Candidate,-100,-100,-100,-100,-100,-100,-99.0,0.0,Periodicity,-99,Graham+2015 ; Guo+2020,2015MNRAS.453.1562G ; 2020MNRAS.492.2910G,https://doi.org/10.1093/mnras/stv1726 ; https://doi.org/10.1093/mnras/stz3566,
RX J024252.3-232633,0.68,19.01,0.0,RX J024252.3-232633,RX J024252.3-232633,0.68,spec,spec,2:42:51.9,-23:26:34.0,40.716249999999995,-23.442777777777778,2:42:51.9,-23:26:34.0,40.716249999999995,-23.442777777777778,J2000,Optical,CRTS,Binary AGN Candidate,-100,-100,-100,-100,-100,-100,-99.0,0.0,Periodicity,-99,Graham+2015 ; Guo+2020,2015MNRAS.453.1562G ; 2020MNRAS.492.2910G,https://doi.org/10.1093/mnras/stv1726 ; https://doi.org/10.1093/mnras/stz3566,
US 3204,0.954,18.09,0.008,US 3204,US 3204,0.954,spec,spec,2:49:28.9,+1:9:25.0,42.370416666666664,1.1569444444444443,2:49:28.9,+1:9:25.0,42.370416666666664,1.1569444444444443,J2000,Optical,CRTS,Binary AGN Candidate,-100,-100,-100,-100,-100,-100,-99.0,0.0,Periodicity,-99,Graham+2015 ; Guo+2020,2015MNRAS.453.1562G ; 2020MNRAS.492.2910G,https://doi.org/10.1093/mnras/stv1726 ; https://doi.org/10.1093/mnras/stz3566,
CT 638,0.265,16.68,0.0,CT 638,CT 638,0.265,spec,spec,3:18:6.5,-34:26:37.4,49.52708333333332,-34.44372222222222,3:18:6.5,-34:26:37.4,49.52708333333332,-34.44372222222222,J2000,Optical,CRTS,Binary AGN Candidate,-100,-100,-100,-100,-100,-100,-99.0,0.0,Periodicity,-99,Graham+2015 ; Guo+2020,2015MNRAS.453.1562G ; 2020MNRAS.492.2910G,https://doi.org/10.1093/mnras/stv1726 ; https://doi.org/10.1093/mnras/stz3566,
RXS J04117+1324,0.277,16.2,0.006,RXS J04117+1324,RXS J04117+1324,0.277,spec,spec,4:11:46.9,+13:24:16.5,62.94541666666666,13.404583333333333,4:11:46.9,+13:24:16.5,62.94541666666666,13.404583333333333,J2000,Optical,CRTS,Binary AGN Candidate,-100,-100,-100,-100,-100,-100,-99.0,0.0,Periodicity,-99,Graham+2015 ; Guo+2020,2015MNRAS.453.1562G ; 2020MNRAS.492.2910G,https://doi.org/10.1093/mnras/stv1726 ; https://doi.org/10.1093/mnras/stz3566,
HS 0423+0658,0.17,15.73,0.0,HS 0423+0658,HS 0423+0658,0.17,spec,spec,4:26:30.2,+7:5:30.3,66.62583333333333,7.091749999999999,4:26:30.2,+7:5:30.3,66.62583333333333,7.091749999999999,J2000,Optical,CRTS,Binary AGN Candidate,-100,-100,-100,-100,-100,-100,-99.0,0.0,Periodicity,-99,Graham+2015 ; Guo+2020,2015MNRAS.453.1562G ; 2020MNRAS.492.2910G,https://doi.org/10.1093/mnras/stv1726 ; https://doi.org/10.1093/mnras/stz3566,
2MASS J04352649-1643460,0.098,16.96,0.004,2MASS J04352649-1643460,2MASS J04352649-1643460,0.098,spec,spec,4:35:26.5,-16:43:45.7,68.86041666666665,-16.72936111111111,4:35:26.5,-16:43:45.7,68.86041666666665,-16.72936111111111,J2000,Optical,CRTS,Binary AGN Candidate,-100,-100,-100,-100,-100,-100,-99.0,0.0,Periodicity,-99,Graham+2015 ; Guo+2020,2015MNRAS.453.1562G ; 2020MNRAS.492.2910G,https://doi.org/10.1093/mnras/stv1726 ; https://doi.org/10.1093/mnras/stz3566,
SDSS J072908.71+400836.6,0.074,16.08,0.001,SDSS J072908.71+400836.6,SDSS J072908.71+400836.6,0.074,spec,spec,7:29:8.6,+40:8:37.0,112.28583333333331,40.14361111111111,7:29:8.6,+40:8:37.0,112.28583333333331,40.14361111111111,J2000,Optical,CRTS,Binary AGN Candidate,-100,-100,-100,-100,-100,-100,-99.0,0.0,Periodicity,-99,Graham+2015 ; Guo+2020,2015MNRAS.453.1562G ; 2020MNRAS.492.2910G,https://doi.org/10.1093/mnras/stv1726 ; https://doi.org/10.1093/mnras/stz3566,
SDSS J080237.60+340446.3,1.119,18.4,0.007,SDSS J080237.60+340446.3,SDSS J080237.60+340446.3,1.119,spec,spec,8:2:37.6,+34:4:46.6,120.65666666666664,34.07961111111111,8:2:37.6,+34:4:46.6,120.65666666666664,34.07961111111111,J2000,Optical,CRTS,Binary AGN Candidate,-100,-100,-100,-100,-100,-100,-99.0,0.0,Periodicity,-99,Graham+2015 ; Guo+2020,2015MNRAS.453.1562G ; 2020MNRAS.492.2910G,https://doi.org/10.1093/mnras/stv1726 ; https://doi.org/10.1093/mnras/stz3566,
SDSS J080648.65+184037.0,0.745,20.61,0.003,SDSS J080648.65+184037.0,SDSS J080648.65+184037.0,0.745,spec,spec,8:6:48.6,+18:40:37.3,121.70249999999999,18.67702777777778,8:6:48.6,+18:40:37.3,121.70249999999999,18.67702777777778,J2000,Optical,CRTS,Binary AGN Candidate,-100,-100,-100,-100,-100,-100,-99.0,0.0,Periodicity,-99,Graham+2015 ; Guo+2020,2015MNRAS.453.1562G ; 2020MNRAS.492.2910G,https://doi.org/10.1093/mnras/stv1726 ; https://doi.org/10.1093/mnras/stz3566,
SDSS J080809.56+311519.1,2.642,18.91,0.003,SDSS J080809.56+311519.1,SDSS J080809.56+311519.1,2.642,spec,spec,8:8:9.5,+31:15:18.9,122.03958333333331,31.25525,8:8:9.5,+31:15:18.9,122.03958333333331,31.25525,J2000,Optical,CRTS,Binary AGN Candidate,-100,-100,-100,-100,-100,-100,-99.0,0.0,Periodicity,-99,Graham+2015 ; Guo+2020,2015MNRAS.453.1562G ; 2020MNRAS.492.2910G,https://doi.org/10.1093/mnras/stv1726 ; https://doi.org/10.1093/mnras/stz3566,
SDSS J081133.43+065558.1,1.266,18.48,0.01,SDSS J081133.43+065558.1,SDSS J081133.43+065558.1,1.266,spec,spec,8:11:33.4,+6:55:58.3,122.88916666666665,6.932861111111111,8:11:33.4,+6:55:58.3,122.88916666666665,6.932861111111111,J2000,Optical,CRTS,Binary AGN Candidate,-100,-100,-100,-100,-100,-100,-99.0,0.0,Periodicity,-99,Graham+2015 ; Guo+2020,2015MNRAS.453.1562G ; 2020MNRAS.492.2910G,https://doi.org/10.1093/mnras/stv1726 ; https://doi.org/10.1093/mnras/stz3566,
SDSS J081617.73+293639.6,0.768,17.8,0.013,SDSS J081617.73+293639.6,SDSS J081617.73+293639.6,0.768,spec,spec,8:16:17.8,+29:36:40.7,124.07416666666666,29.611305555555557,8:16:17.8,+29:36:40.7,124.07416666666666,29.611305555555557,J2000,Optical,CRTS,Binary AGN Candidate,-100,-100,-100,-100,-100,-100,-99.0,0.0,Periodicity,-99,Graham+2015 ; Guo+2020,2015MNRAS.453.1562G ; 2020MNRAS.492.2910G,https://doi.org/10.1093/mnras/stv1726 ; https://doi.org/10.1093/mnras/stz3566,
FBQS J081740.1+232731,0.891,16.58,0.011,FBQS J081740.1+232731,FBQS J081740.1+232731,0.891,spec,spec,8:17:40.2,+23:27:32.0,124.41749999999998,23.45888888888889,8:17:40.2,+23:27:32.0,124.41749999999998,23.45888888888889,J2000,Optical,CRTS,Binary AGN Candidate,-100,-100,-100,-100,-100,-100,-99.0,0.0,Periodicity,-99,Graham+2015 ; Guo+2020,2015MNRAS.453.1562G ; 2020MNRAS.492.2910G,https://doi.org/10.1093/mnras/stv1726 ; https://doi.org/10.1093/mnras/stz3566,
SDSS J082121.88+250817.5,1.906,17.74,0.011,SDSS J082121.88+250817.5,SDSS J082121.88+250817.5,1.906,spec,spec,8:21:22.0,+25:8:16.2,125.34166666666664,25.137833333333333,8:21:22.0,+25:8:16.2,125.34166666666664,25.137833333333333,J2000,Optical,CRTS,Binary AGN Candidate,-100,-100,-100,-100,-100,-100,-99.0,0.0,Periodicity,-99,Graham+2015 ; Guo+2020,2015MNRAS.453.1562G ; 2020MNRAS.492.2910G,https://doi.org/10.1093/mnras/stv1726 ; https://doi.org/10.1093/mnras/stz3566,
SDSS J082716.85+490534.0,0.682,18.38,0.009,SDSS J082716.85+490534.0,SDSS J082716.85+490534.0,0.682,spec,spec,8:27:16.9,+49:5:34.9,126.82041666666665,49.09302777777778,8:27:16.9,+49:5:34.9,126.82041666666665,49.09302777777778,J2000,Optical,CRTS,Binary AGN Candidate,-100,-100,-100,-100,-100,-100,-99.0,0.0,Periodicity,-99,Graham+2015 ; Guo+2020,2015MNRAS.453.1562G ; 2020MNRAS.492.2910G,https://doi.org/10.1093/mnras/stv1726 ; https://doi.org/10.1093/mnras/stz3566,
SDSS J082827.84+400333.9,0.968,17.79,0.008,SDSS J082827.84+400333.9,SDSS J082827.84+400333.9,0.968,spec,spec,8:28:27.8,+40:3:34.1,127.11583333333331,40.05947222222222,8:28:27.8,+40:3:34.1,127.11583333333331,40.05947222222222,J2000,Optical,CRTS,Binary AGN Candidate,-100,-100,-100,-100,-100,-100,-99.0,0.0,Periodicity,-99,Graham+2015 ; Guo+2020,2015MNRAS.453.1562G ; 2020MNRAS.492.2910G,https://doi.org/10.1093/mnras/stv1726 ; https://doi.org/10.1093/mnras/stz3566,
SDSS J082926.01+180020.7,0.81,19.81,0.005,SDSS J082926.01+180020.7,SDSS J082926.01+180020.7,0.81,spec,spec,8:29:26.0,+18:0:20.7,127.35833333333329,18.00575,8:29:26.0,+18:0:20.7,127.35833333333329,18.00575,J2000,Optical,CRTS,Binary AGN Candidate,-100,-100,-100,-100,-100,-100,-99.0,0.0,Periodicity,-99,Graham+2015 ; Guo+2020,2015MNRAS.453.1562G ; 2020MNRAS.492.2910G,https://doi.org/10.1093/mnras/stv1726 ; https://doi.org/10.1093/mnras/stz3566,
SDSS J083349.55+232809.0,1.155,17.58,0.008,SDSS J083349.55+232809.0,SDSS J083349.55+232809.0,1.155,spec,spec,8:33:49.6,+23:28:9.2,128.45666666666665,23.46922222222222,8:33:49.6,+23:28:9.2,128.45666666666665,23.46922222222222,J2000,Optical,CRTS,Binary AGN Candidate,-100,-100,-100,-100,-100,-100,-99.0,0.0,Periodicity,-99,Graham+2015 ; Guo+2020,2015MNRAS.453.1562G ; 2020MNRAS.492.2910G,https://doi.org/10.1093/mnras/stv1726 ; https://doi.org/10.1093/mnras/stz3566,
SDSS J084146.19+503601.1,0.555,18.49,0.003,SDSS J084146.19+503601.1,SDSS J084146.19+503601.1,0.555,spec,spec,8:41:46.3,+50:36:0.5,130.44291666666663,50.60013888888889,8:41:46.3,+50:36:0.5,130.44291666666663,50.60013888888889,J2000,Optical,CRTS,Binary AGN Candidate,-100,-100,-100,-100,-100,-100,-99.0,0.0,Periodicity,-99,Graham+2015 ; Guo+2020,2015MNRAS.453.1562G ; 2020MNRAS.492.2910G,https://doi.org/10.1093/mnras/stv1726 ; https://doi.org/10.1093/mnras/stz3566,
BZQJ0842+4525,1.408,17.2,0.012,BZQJ0842+4525,BZQJ0842+4525,1.408,spec,spec,8:42:15.3,+45:25:45.0,130.56375,45.42916666666667,8:42:15.3,+45:25:45.0,130.56375,45.42916666666667,J2000,Optical,CRTS,Binary AGN Candidate,-100,-100,-100,-100,-100,-100,-99.0,0.0,Periodicity,-99,Graham+2015 ; Guo+2020,2015MNRAS.453.1562G ; 2020MNRAS.492.2910G,https://doi.org/10.1093/mnras/stv1726 ; https://doi.org/10.1093/mnras/stz3566,
SDSS J091554.50+352949.6,0.896,17.92,0.008,SDSS J091554.50+352949.6,SDSS J091554.50+352949.6,0.896,spec,spec,9:15:54.5,+35:29:49.9,138.9770833333333,35.497194444444446,9:15:54.5,+35:29:49.9,138.9770833333333,35.497194444444446,J2000,Optical,CRTS,Binary AGN Candidate,-100,-100,-100,-100,-100,-100,-99.0,0.0,Periodicity,-99,Graham+2015 ; Guo+2020,2015MNRAS.453.1562G ; 2020MNRAS.492.2910G,https://doi.org/10.1093/mnras/stv1726 ; https://doi.org/10.1093/mnras/stz3566,
SBS 0920+590,0.709,16.76,0.004,SBS 0920+590,SBS 0920+590,0.709,spec,spec,9:23:58.7,+58:49:6.3,140.9945833333333,58.81841666666667,9:23:58.7,+58:49:6.3,140.9945833333333,58.81841666666667,J2000,Optical,CRTS,Binary AGN Candidate,-100,-100,-100,-100,-100,-100,-99.0,0.0,Periodicity,-99,Graham+2015 ; Guo+2020,2015MNRAS.453.1562G ; 2020MNRAS.492.2910G,https://doi.org/10.1093/mnras/stv1726 ; https://doi.org/10.1093/mnras/stz3566,
SDSS J092911.35+203708.5,1.845,18.51,0.014,SDSS J092911.35+203708.5,SDSS J092911.35+203708.5,1.845,spec,spec,9:29:11.3,+20:37:9.2,142.29708333333332,20.619222222222223,9:29:11.3,+20:37:9.2,142.29708333333332,20.619222222222223,J2000,Optical,CRTS,Binary AGN Candidate,-100,-100,-100,-100,-100,-100,-99.0,0.0,Periodicity,-99,Graham+2015 ; Guo+2020,2015MNRAS.453.1562G ; 2020MNRAS.492.2910G,https://doi.org/10.1093/mnras/stv1726 ; https://doi.org/10.1093/mnras/stz3566,
HS 0926+3608,2.15,16.99,0.012,HS 0926+3608,HS 0926+3608,2.15,spec,spec,9:29:52.1,+35:54:49.6,142.4670833333333,35.913777777777774,9:29:52.1,+35:54:49.6,142.4670833333333,35.913777777777774,J2000,Optical,CRTS,Binary AGN Candidate,-100,-100,-100,-100,-100,-100,-99.0,0.0,Periodicity,-99,Graham+2015 ; Guo+2020,2015MNRAS.453.1562G ; 2020MNRAS.492.2910G,https://doi.org/10.1093/mnras/stv1726 ; https://doi.org/10.1093/mnras/stz3566,
SDSS J093819.25+361858.7,1.677,18.8,0.007,SDSS J093819.25+361858.7,SDSS J093819.25+361858.7,1.677,spec,spec,9:38:19.3,+36:18:58.9,144.58041666666662,36.31636111111111,9:38:19.3,+36:18:58.9,144.58041666666662,36.31636111111111,J2000,Optical,CRTS,Binary AGN Candidate,-100,-100,-100,-100,-100,-100,-99.0,0.0,Periodicity,-99,Graham+2015 ; Guo+2020,2015MNRAS.453.1562G ; 2020MNRAS.492.2910G,https://doi.org/10.1093/mnras/stv1726 ; https://doi.org/10.1093/mnras/stz3566,
SDSS J094450.76+151236.9,2.118,17.72,0.009,SDSS J094450.76+151236.9,SDSS J094450.76+151236.9,2.118,spec,spec,9:44:50.7,+15:12:37.5,146.21124999999998,15.210416666666665,9:44:50.7,+15:12:37.5,146.21124999999998,15.210416666666665,J2000,Optical,CRTS,Binary AGN Candidate,-100,-100,-100,-100,-100,-100,-99.0,0.0,Periodicity,-99,Graham+2015 ; Guo+2020,2015MNRAS.453.1562G ; 2020MNRAS.492.2910G,https://doi.org/10.1093/mnras/stv1726 ; https://doi.org/10.1093/mnras/stz3566,
SDSS J094715.56+631716.4,0.487,16.1,0.012,SDSS J094715.56+631716.4,SDSS J094715.56+631716.4,0.487,spec,spec,9:47:15.6,+63:17:17.3,146.81499999999997,63.28813888888889,9:47:15.6,+63:17:17.3,146.81499999999997,63.28813888888889,J2000,Optical,CRTS,Binary AGN Candidate,-100,-100,-100,-100,-100,-100,-99.0,0.0,Periodicity,-99,Graham+2015 ; Guo+2020,2015MNRAS.453.1562G ; 2020MNRAS.492.2910G,https://doi.org/10.1093/mnras/stv1726 ; https://doi.org/10.1093/mnras/stz3566,
HS 0946+4845,0.589,16.87,0.007,HS 0946+4845,HS 0946+4845,0.589,spec,spec,9:50:0.7,+48:31:29.9,147.50291666666666,48.524972222222225,9:50:0.7,+48:31:29.9,147.50291666666666,48.524972222222225,J2000,Optical,CRTS,Binary AGN Candidate,-100,-100,-100,-100,-100,-100,-99.0,0.0,Periodicity,-99,Graham+2015 ; Guo+2020,2015MNRAS.453.1562G ; 2020MNRAS.492.2910G,https://doi.org/10.1093/mnras/stv1726 ; https://doi.org/10.1093/mnras/stz3566,
KUV 09484+3557,0.398,17.77,0.005,KUV 09484+3557,KUV 09484+3557,0.398,spec,spec,9:51:23.9,+35:42:49.2,147.8495833333333,35.71366666666667,9:51:23.9,+35:42:49.2,147.8495833333333,35.71366666666667,J2000,Optical,CRTS,Binary AGN Candidate,-100,-100,-100,-100,-100,-100,-99.0,0.0,Periodicity,-99,Graham+2015 ; Guo+2020,2015MNRAS.453.1562G ; 2020MNRAS.492.2910G,https://doi.org/10.1093/mnras/stv1726 ; https://doi.org/10.1093/mnras/stz3566,
SDSS J102255.21+172155.7,1.062,18.48,0.006,SDSS J102255.21+172155.7,SDSS J102255.21+172155.7,1.062,spec,spec,10:22:55.2,+17:21:56.0,155.73,17.365555555555556,10:22:55.2,+17:21:56.0,155.73,17.365555555555556,J2000,Optical,CRTS,Binary AGN Candidate,-100,-100,-100,-100,-100,-100,-99.0,0.0,Periodicity,-99,Graham+2015 ; Guo+2020,2015MNRAS.453.1562G ; 2020MNRAS.492.2910G,https://doi.org/10.1093/mnras/stv1726 ; https://doi.org/10.1093/mnras/stz3566,
SDSS J102349.38+522151.2,0.955,16.96,0.014,SDSS J102349.38+522151.2,SDSS J102349.38+522151.2,0.955,spec,spec,10:23:49.5,+52:21:51.8,155.95624999999998,52.36438888888889,10:23:49.5,+52:21:51.8,155.95624999999998,52.36438888888889,J2000,Optical,CRTS,Binary AGN Candidate,-100,-100,-100,-100,-100,-100,-99.0,0.0,Periodicity,-99,Graham+2015 ; Guo+2020,2015MNRAS.453.1562G ; 2020MNRAS.492.2910G,https://doi.org/10.1093/mnras/stv1726 ; https://doi.org/10.1093/mnras/stz3566,
RXS J10304+5516,0.435,16.74,0.006,RXS J10304+5516,RXS J10304+5516,0.435,spec,spec,10:30:25.0,+55:16:23.4,157.60416666666666,55.27316666666667,10:30:25.0,+55:16:23.4,157.60416666666666,55.27316666666667,J2000,Optical,CRTS,Binary AGN Candidate,-100,-100,-100,-100,-100,-100,-99.0,0.0,Periodicity,-99,Graham+2015 ; Guo+2020,2015MNRAS.453.1562G ; 2020MNRAS.492.2910G,https://doi.org/10.1093/mnras/stv1726 ; https://doi.org/10.1093/mnras/stz3566,
SDSS J103111.52+491926.5,1.203,17.64,0.008,SDSS J103111.52+491926.5,SDSS J103111.52+491926.5,1.203,spec,spec,10:31:11.5,+49:19:27.2,157.79791666666665,49.324222222222225,10:31:11.5,+49:19:27.2,157.79791666666665,49.324222222222225,J2000,Optical,CRTS,Binary AGN Candidate,-100,-100,-100,-100,-100,-100,-99.0,0.0,Periodicity,-99,Graham+2015 ; Guo+2020,2015MNRAS.453.1562G ; 2020MNRAS.492.2910G,https://doi.org/10.1093/mnras/stv1726 ; https://doi.org/10.1093/mnras/stz3566,
SDSS J104430.25+051857.2,0.905,17.33,0.009,SDSS J104430.25+051857.2,SDSS J104430.25+051857.2,0.905,spec,spec,10:44:30.3,+5:18:56.8,161.12624999999997,5.315777777777778,10:44:30.3,+5:18:56.8,161.12624999999997,5.315777777777778,J2000,Optical,CRTS,Binary AGN Candidate,-100,-100,-100,-100,-100,-100,-99.0,0.0,Periodicity,-99,Graham+2015 ; Guo+2020,2015MNRAS.453.1562G ; 2020MNRAS.492.2910G,https://doi.org/10.1093/mnras/stv1726 ; https://doi.org/10.1093/mnras/stz3566,
SDSS J104758.34+284555.8,0.792,19.09,0.008,SDSS J104758.34+284555.8,SDSS J104758.34+284555.8,0.792,spec,spec,10:47:58.3,+28:45:56.2,161.99291666666664,28.76561111111111,10:47:58.3,+28:45:56.2,161.99291666666664,28.76561111111111,J2000,Optical,CRTS,Binary AGN Candidate,-100,-100,-100,-100,-100,-100,-99.0,0.0,Periodicity,-99,Graham+2015 ; Guo+2020,2015MNRAS.453.1562G ; 2020MNRAS.492.2910G,https://doi.org/10.1093/mnras/stv1726 ; https://doi.org/10.1093/mnras/stz3566,
SDSS J104941.01+085548.4,1.185,17.87,0.009,SDSS J104941.01+085548.4,SDSS J104941.01+085548.4,1.185,spec,spec,10:49:41.0,+8:55:48.5,162.4208333333333,8.930138888888889,10:49:41.0,+8:55:48.5,162.4208333333333,8.930138888888889,J2000,Optical,CRTS,Binary AGN Candidate,-100,-100,-100,-100,-100,-100,-99.0,0.0,Periodicity,-99,Graham+2015 ; Guo+2020,2015MNRAS.453.1562G ; 2020MNRAS.492.2910G,https://doi.org/10.1093/mnras/stv1726 ; https://doi.org/10.1093/mnras/stz3566,
MS 10548-0335,0.555,17.67,0.0,MS 10548-0335,MS 10548-0335,0.555,spec,spec,10:57:22.3,-3:51:31.3,164.34291666666664,-3.8586944444444446,10:57:22.3,-3:51:31.3,164.34291666666664,-3.8586944444444446,J2000,Optical,CRTS,Binary AGN Candidate,-100,-100,-100,-100,-100,-100,-99.0,0.0,Periodicity,-99,Graham+2015 ; Guo+2020,2015MNRAS.453.1562G ; 2020MNRAS.492.2910G,https://doi.org/10.1093/mnras/stv1726 ; https://doi.org/10.1093/mnras/stz3566,
CSO 67,0.909,17.52,0.013,CSO 67,CSO 67,0.909,spec,spec,11:3:27.5,+29:48:11.2,165.86458333333334,29.80311111111111,11:3:27.5,+29:48:11.2,165.86458333333334,29.80311111111111,J2000,Optical,CRTS,Binary AGN Candidate,-100,-100,-100,-100,-100,-100,-99.0,0.0,Periodicity,-99,Graham+2015 ; Guo+2020,2015MNRAS.453.1562G ; 2020MNRAS.492.2910G,https://doi.org/10.1093/mnras/stv1726 ; https://doi.org/10.1093/mnras/stz3566,
SDSS J110554.78+322953.7,0.151,17.45,0.007,SDSS J110554.78+322953.7,SDSS J110554.78+322953.7,0.151,spec,spec,11:5:54.8,+32:29:54.1,166.47833333333332,32.49836111111111,11:5:54.8,+32:29:54.1,166.47833333333332,32.49836111111111,J2000,Optical,CRTS,Binary AGN Candidate,-100,-100,-100,-100,-100,-100,-99.0,0.0,Periodicity,-99,Graham+2015 ; Guo+2020,2015MNRAS.453.1562G ; 2020MNRAS.492.2910G,https://doi.org/10.1093/mnras/stv1726 ; https://doi.org/10.1093/mnras/stz3566,
SDSS J113050.21+261211.4,1.012,17.69,0.013,SDSS J113050.21+261211.4,SDSS J113050.21+261211.4,1.012,spec,spec,11:30:50.2,+26:12:11.8,172.70916666666665,26.203277777777778,11:30:50.2,+26:12:11.8,172.70916666666665,26.203277777777778,J2000,Optical,CRTS,Binary AGN Candidate,-100,-100,-100,-100,-100,-100,-99.0,0.0,Periodicity,-99,Graham+2015 ; Guo+2020,2015MNRAS.453.1562G ; 2020MNRAS.492.2910G,https://doi.org/10.1093/mnras/stv1726 ; https://doi.org/10.1093/mnras/stz3566,
SDSS J113916.47+254412.6,1.012,17.61,0.012,SDSS J113916.47+254412.6,SDSS J113916.47+254412.6,1.012,spec,spec,11:39:16.4,+25:44:13.0,174.8183333333333,25.736944444444447,11:39:16.4,+25:44:13.0,174.8183333333333,25.736944444444447,J2000,Optical,CRTS,Binary AGN Candidate,-100,-100,-100,-100,-100,-100,-99.0,0.0,Periodicity,-99,Graham+2015 ; Guo+2020,2015MNRAS.453.1562G ; 2020MNRAS.492.2910G,https://doi.org/10.1093/mnras/stv1726 ; https://doi.org/10.1093/mnras/stz3566,
SDSS J114438.34+262609.4,0.974,18.39,0.01,SDSS J114438.34+262609.4,SDSS J114438.34+262609.4,0.974,spec,spec,11:44:38.3,+26:26:10.1,176.1595833333333,26.436138888888888,11:44:38.3,+26:26:10.1,176.1595833333333,26.436138888888888,J2000,Optical,CRTS,Binary AGN Candidate,-100,-100,-100,-100,-100,-100,-99.0,0.0,Periodicity,-99,Graham+2015 ; Guo+2020,2015MNRAS.453.1562G ; 2020MNRAS.492.2910G,https://doi.org/10.1093/mnras/stv1726 ; https://doi.org/10.1093/mnras/stz3566,
SDSS J114749.70+163106.7,0.554,18.78,0.005,SDSS J114749.70+163106.7,SDSS J114749.70+163106.7,0.554,spec,spec,11:47:49.7,+16:31:6.8,176.95708333333332,16.518555555555555,11:47:49.7,+16:31:6.8,176.95708333333332,16.518555555555555,J2000,Optical,CRTS,Binary AGN Candidate,-100,-100,-100,-100,-100,-100,-99.0,0.0,Periodicity,-99,Graham+2015 ; Guo+2020,2015MNRAS.453.1562G ; 2020MNRAS.492.2910G,https://doi.org/10.1093/mnras/stv1726 ; https://doi.org/10.1093/mnras/stz3566,
SDSS J114857.33+160023.1,1.224,18.14,0.017,SDSS J114857.33+160023.1,SDSS J114857.33+160023.1,1.224,spec,spec,11:48:57.4,+16:0:22.7,177.23916666666668,16.006305555555556,11:48:57.4,+16:0:22.7,177.23916666666668,16.006305555555556,J2000,Optical,CRTS,Binary AGN Candidate,-100,-100,-100,-100,-100,-100,-99.0,0.0,Periodicity,-99,Graham+2015 ; Guo+2020,2015MNRAS.453.1562G ; 2020MNRAS.492.2910G,https://doi.org/10.1093/mnras/stv1726 ; https://doi.org/10.1093/mnras/stz3566,
SDSS J115141.81+142156.6,1.002,18.11,0.009,SDSS J115141.81+142156.6,SDSS J115141.81+142156.6,1.002,spec,spec,11:51:41.8,+14:21:57.0,177.92416666666665,14.365833333333333,11:51:41.8,+14:21:57.0,177.92416666666665,14.365833333333333,J2000,Optical,CRTS,Binary AGN Candidate,-100,-100,-100,-100,-100,-100,-99.0,0.0,Periodicity,-99,Graham+2015 ; Guo+2020,2015MNRAS.453.1562G ; 2020MNRAS.492.2910G,https://doi.org/10.1093/mnras/stv1726 ; https://doi.org/10.1093/mnras/stz3566,
SDSS J115346.39+241829.4,0.753,18.41,0.009,SDSS J115346.39+241829.4,SDSS J115346.39+241829.4,0.753,spec,spec,11:53:46.4,+24:18:29.8,178.4433333333333,24.30827777777778,11:53:46.4,+24:18:29.8,178.4433333333333,24.30827777777778,J2000,Optical,CRTS,Binary AGN Candidate,-100,-100,-100,-100,-100,-100,-99.0,0.0,Periodicity,-99,Graham+2015 ; Guo+2020,2015MNRAS.453.1562G ; 2020MNRAS.492.2910G,https://doi.org/10.1093/mnras/stv1726 ; https://doi.org/10.1093/mnras/stz3566,
SDSS J121018.34+015405.9,0.216,16.9,0.008,SDSS J121018.34+015405.9,SDSS J121018.34+015405.9,0.216,spec,spec,12:10:18.3,+1:54:6.2,182.57624999999996,1.901722222222222,12:10:18.3,+1:54:6.2,182.57624999999996,1.901722222222222,J2000,Optical,CRTS,Binary AGN Candidate,-100,-100,-100,-100,-100,-100,-99.0,0.0,Periodicity,-99,Graham+2015 ; Guo+2020,2015MNRAS.453.1562G ; 2020MNRAS.492.2910G,https://doi.org/10.1093/mnras/stv1726 ; https://doi.org/10.1093/mnras/stz3566,
SDSS J121018.66+185726.0,1.516,17.42,0.011,SDSS J121018.66+185726.0,SDSS J121018.66+185726.0,1.516,spec,spec,12:10:18.7,+18:57:27.0,182.57791666666665,18.9575,12:10:18.7,+18:57:27.0,182.57791666666665,18.9575,J2000,Optical,CRTS,Binary AGN Candidate,-100,-100,-100,-100,-100,-100,-99.0,0.0,Periodicity,-99,Graham+2015 ; Guo+2020,2015MNRAS.453.1562G ; 2020MNRAS.492.2910G,https://doi.org/10.1093/mnras/stv1726 ; https://doi.org/10.1093/mnras/stz3566,
SDSS J121056.83+231912.5,1.26,18.47,0.007,SDSS J121056.83+231912.5,SDSS J121056.83+231912.5,1.26,spec,spec,12:10:56.8,+23:19:13.0,182.73666666666665,23.32027777777778,12:10:56.8,+23:19:13.0,182.73666666666665,23.32027777777778,J2000,Optical,CRTS,Binary AGN Candidate,-100,-100,-100,-100,-100,-100,-99.0,0.0,Periodicity,-99,Graham+2015 ; Guo+2020,2015MNRAS.453.1562G ; 2020MNRAS.492.2910G,https://doi.org/10.1093/mnras/stv1726 ; https://doi.org/10.1093/mnras/stz3566,
SDSS J121457.39+132024.3,1.494,18.59,0.011,SDSS J121457.39+132024.3,SDSS J121457.39+132024.3,1.494,spec,spec,12:14:57.4,+13:20:24.5,183.73916666666665,13.34013888888889,12:14:57.4,+13:20:24.5,183.73916666666665,13.34013888888889,J2000,Optical,CRTS,Binary AGN Candidate,-100,-100,-100,-100,-100,-100,-99.0,0.0,Periodicity,-99,Graham+2015 ; Guo+2020,2015MNRAS.453.1562G ; 2020MNRAS.492.2910G,https://doi.org/10.1093/mnras/stv1726 ; https://doi.org/10.1093/mnras/stz3566,
SDSS J123147.27+101705.3,1.733,18.83,0.009,SDSS J123147.27+101705.3,SDSS J123147.27+101705.3,1.733,spec,spec,12:31:47.3,+10:17:5.4,187.94708333333332,10.284833333333333,12:31:47.3,+10:17:5.4,187.94708333333332,10.284833333333333,J2000,Optical,CRTS,Binary AGN Candidate,-100,-100,-100,-100,-100,-100,-99.0,0.0,Periodicity,-99,Graham+2015 ; Guo+2020,2015MNRAS.453.1562G ; 2020MNRAS.492.2910G,https://doi.org/10.1093/mnras/stv1726 ; https://doi.org/10.1093/mnras/stz3566,
SDSS J123821.84+030024.2,0.38,18.46,0.008,SDSS J123821.84+030024.2,SDSS J123821.84+030024.2,0.38,spec,spec,12:38:21.8,+3:0:24.6,189.5908333333333,3.0068333333333332,12:38:21.8,+3:0:24.6,189.5908333333333,3.0068333333333332,J2000,Optical,CRTS,Binary AGN Candidate,-100,-100,-100,-100,-100,-100,-99.0,0.0,Periodicity,-99,Graham+2015 ; Guo+2020,2015MNRAS.453.1562G ; 2020MNRAS.492.2910G,https://doi.org/10.1093/mnras/stv1726 ; https://doi.org/10.1093/mnras/stz3566,
SDSS J124044.49+231045.8,0.722,18.4,0.008,SDSS J124044.49+231045.8,SDSS J124044.49+231045.8,0.722,spec,spec,12:40:44.5,+23:10:46.1,190.18541666666664,23.179472222222223,12:40:44.5,+23:10:46.1,190.18541666666664,23.179472222222223,J2000,Optical,CRTS,Binary AGN Candidate,-100,-100,-100,-100,-100,-100,-99.0,0.0,Periodicity,-99,Graham+2015 ; Guo+2020,2015MNRAS.453.1562G ; 2020MNRAS.492.2910G,https://doi.org/10.1093/mnras/stv1726 ; https://doi.org/10.1093/mnras/stz3566,
SDSS J124119.04+203452.7,1.492,18.44,0.008,SDSS J124119.04+203452.7,SDSS J124119.04+203452.7,1.492,spec,spec,12:41:19.0,+20:34:53.4,190.32916666666665,20.5815,12:41:19.0,+20:34:53.4,190.32916666666665,20.5815,J2000,Optical,CRTS,Binary AGN Candidate,-100,-100,-100,-100,-100,-100,-99.0,0.0,Periodicity,-99,Graham+2015 ; Guo+2020,2015MNRAS.453.1562G ; 2020MNRAS.492.2910G,https://doi.org/10.1093/mnras/stv1726 ; https://doi.org/10.1093/mnras/stz3566,
SDSS J124157.90+130104.1,1.227,18.83,0.007,SDSS J124157.90+130104.1,SDSS J124157.90+130104.1,1.227,spec,spec,12:41:57.9,+13:1:4.7,190.49124999999998,13.017972222222223,12:41:57.9,+13:1:4.7,190.49124999999998,13.017972222222223,J2000,Optical,CRTS,Binary AGN Candidate,-100,-100,-100,-100,-100,-100,-99.0,0.0,Periodicity,-99,Graham+2015 ; Guo+2020,2015MNRAS.453.1562G ; 2020MNRAS.492.2910G,https://doi.org/10.1093/mnras/stv1726 ; https://doi.org/10.1093/mnras/stz3566,
PGC 3096192,0.133,16.93,0.003,PGC 3096192,PGC 3096192,0.133,spec,spec,12:50:29.0,+6:36:11.1,192.62083333333334,6.603083333333333,12:50:29.0,+6:36:11.1,192.62083333333334,6.603083333333333,J2000,Optical,CRTS,Binary AGN Candidate,-100,-100,-100,-100,-100,-100,-99.0,0.0,Periodicity,-99,Graham+2015 ; Guo+2020,2015MNRAS.453.1562G ; 2020MNRAS.492.2910G,https://doi.org/10.1093/mnras/stv1726 ; https://doi.org/10.1093/mnras/stz3566,
SDSS J125414.23+131348.1,0.655,18.11,0.009,SDSS J125414.23+131348.1,SDSS J125414.23+131348.1,0.655,spec,spec,12:54:14.2,+13:13:48.4,193.55916666666664,13.23011111111111,12:54:14.2,+13:13:48.4,193.55916666666664,13.23011111111111,J2000,Optical,CRTS,Binary AGN Candidate,-100,-100,-100,-100,-100,-100,-99.0,0.0,Periodicity,-99,Graham+2015 ; Guo+2020,2015MNRAS.453.1562G ; 2020MNRAS.492.2910G,https://doi.org/10.1093/mnras/stv1726 ; https://doi.org/10.1093/mnras/stz3566,
SDSS J130040.62+172758.4,0.863,19.26,0.008,SDSS J130040.62+172758.4,SDSS J130040.62+172758.4,0.863,spec,spec,13:0:40.6,+17:27:58.5,195.16916666666665,17.46625,13:0:40.6,+17:27:58.5,195.16916666666665,17.46625,J2000,Optical,CRTS,Binary AGN Candidate,-100,-100,-100,-100,-100,-100,-99.0,0.0,Periodicity,-99,Graham+2015 ; Guo+2020,2015MNRAS.453.1562G ; 2020MNRAS.492.2910G,https://doi.org/10.1093/mnras/stv1726 ; https://doi.org/10.1093/mnras/stz3566,
BZQJ1305-1033,0.286,14.99,0.008,BZQJ1305-1033,BZQJ1305-1033,0.286,spec,spec,13:5:33.0,-10:33:19.1,196.3875,-10.555305555555556,13:5:33.0,-10:33:19.1,196.3875,-10.555305555555556,J2000,Optical,CRTS,Binary AGN Candidate,-100,-100,-100,-100,-100,-100,-99.0,0.0,Periodicity,-99,Graham+2015 ; Guo+2020,2015MNRAS.453.1562G ; 2020MNRAS.492.2910G,https://doi.org/10.1093/mnras/stv1726 ; https://doi.org/10.1093/mnras/stz3566,
SNU J13120+0641,0.242,15.82,0.012,SNU J13120+0641,SNU J13120+0641,0.242,spec,spec,13:12:4.7,+6:41:7.6,198.0195833333333,6.685444444444444,13:12:4.7,+6:41:7.6,198.0195833333333,6.685444444444444,J2000,Optical,CRTS,Binary AGN Candidate,-100,-100,-100,-100,-100,-100,-99.0,0.0,Periodicity,-99,Graham+2015 ; Guo+2020,2015MNRAS.453.1562G ; 2020MNRAS.492.2910G,https://doi.org/10.1093/mnras/stv1726 ; https://doi.org/10.1093/mnras/stz3566,
SDSS J131706.19+271416.7,2.672,17.83,0.011,SDSS J131706.19+271416.7,SDSS J131706.19+271416.7,2.672,spec,spec,13:17:6.2,+27:14:16.7,199.2758333333333,27.237972222222222,13:17:6.2,+27:14:16.7,199.2758333333333,27.237972222222222,J2000,Optical,CRTS,Binary AGN Candidate,-100,-100,-100,-100,-100,-100,-99.0,0.0,Periodicity,-99,Graham+2015 ; Guo+2020,2015MNRAS.453.1562G ; 2020MNRAS.492.2910G,https://doi.org/10.1093/mnras/stv1726 ; https://doi.org/10.1093/mnras/stz3566,
SDSS J131909.08+090814.7,0.882,18.01,0.006,SDSS J131909.08+090814.7,SDSS J131909.08+090814.7,0.882,spec,spec,13:19:9.1,+9:8:15.1,199.78791666666663,9.137527777777777,13:19:9.1,+9:8:15.1,199.78791666666663,9.137527777777777,J2000,Optical,CRTS,Binary AGN Candidate,-100,-100,-100,-100,-100,-100,-99.0,0.0,Periodicity,-99,Graham+2015 ; Guo+2020,2015MNRAS.453.1562G ; 2020MNRAS.492.2910G,https://doi.org/10.1093/mnras/stv1726 ; https://doi.org/10.1093/mnras/stz3566,
SDSS J132103.41+123748.2,0.687,18.62,0.008,SDSS J132103.41+123748.2,SDSS J132103.41+123748.2,0.687,spec,spec,13:21:3.4,+12:37:48.1,200.26416666666663,12.630027777777778,13:21:3.4,+12:37:48.1,200.26416666666663,12.630027777777778,J2000,Optical,CRTS,Binary AGN Candidate,-100,-100,-100,-100,-100,-100,-99.0,0.0,Periodicity,-99,Graham+2015 ; Guo+2020,2015MNRAS.453.1562G ; 2020MNRAS.492.2910G,https://doi.org/10.1093/mnras/stv1726 ; https://doi.org/10.1093/mnras/stz3566,
SDSS J133127.31+182416.9,0.938,17.44,0.011,SDSS J133127.31+182416.9,SDSS J133127.31+182416.9,0.938,spec,spec,13:31:27.3,+18:24:17.1,202.86374999999998,18.40475,13:31:27.3,+18:24:17.1,202.86374999999998,18.40475,J2000,Optical,CRTS,Binary AGN Candidate,-100,-100,-100,-100,-100,-100,-99.0,0.0,Periodicity,-99,Graham+2015 ; Guo+2020,2015MNRAS.453.1562G ; 2020MNRAS.492.2910G,https://doi.org/10.1093/mnras/stv1726 ; https://doi.org/10.1093/mnras/stz3566,
SDSS J133516.17+183341.4,1.192,17.75,0.015,SDSS J133516.17+183341.4,SDSS J133516.17+183341.4,1.192,spec,spec,13:35:16.1,+18:33:41.8,203.81708333333333,18.561611111111112,13:35:16.1,+18:33:41.8,203.81708333333333,18.561611111111112,J2000,Optical,CRTS,Binary AGN Candidate,-100,-100,-100,-100,-100,-100,-99.0,0.0,Periodicity,-99,Graham+2015 ; Guo+2020,2015MNRAS.453.1562G ; 2020MNRAS.492.2910G,https://doi.org/10.1093/mnras/stv1726 ; https://doi.org/10.1093/mnras/stz3566,
SDSS J133631.45+175613.8,0.421,18.2,0.01,SDSS J133631.45+175613.8,SDSS J133631.45+175613.8,0.421,spec,spec,13:36:31.4,+17:56:14.1,204.1308333333333,17.93725,13:36:31.4,+17:56:14.1,204.1308333333333,17.93725,J2000,Optical,CRTS,Binary AGN Candidate,-100,-100,-100,-100,-100,-100,-99.0,0.0,Periodicity,-99,Graham+2015 ; Guo+2020,2015MNRAS.453.1562G ; 2020MNRAS.492.2910G,https://doi.org/10.1093/mnras/stv1726 ; https://doi.org/10.1093/mnras/stz3566,
SDSS J133654.44+171040.3,1.231,17.96,0.008,SDSS J133654.44+171040.3,SDSS J133654.44+171040.3,1.231,spec,spec,13:36:54.4,+17:10:40.8,204.22666666666663,17.178,13:36:54.4,+17:10:40.8,204.22666666666663,17.178,J2000,Optical,CRTS,Binary AGN Candidate,-100,-100,-100,-100,-100,-100,-99.0,0.0,Periodicity,-99,Graham+2015 ; Guo+2020,2015MNRAS.453.1562G ; 2020MNRAS.492.2910G,https://doi.org/10.1093/mnras/stv1726 ; https://doi.org/10.1093/mnras/stz3566,
SDSS J133807.69+360220.3,1.196,18.44,0.01,SDSS J133807.69+360220.3,SDSS J133807.69+360220.3,1.196,spec,spec,13:38:7.7,+36:2:20.3,204.5320833333333,36.03897222222222,13:38:7.7,+36:2:20.3,204.5320833333333,36.03897222222222,J2000,Optical,CRTS,Binary AGN Candidate,-100,-100,-100,-100,-100,-100,-99.0,0.0,Periodicity,-99,Graham+2015 ; Guo+2020,2015MNRAS.453.1562G ; 2020MNRAS.492.2910G,https://doi.org/10.1093/mnras/stv1726 ; https://doi.org/10.1093/mnras/stz3566,
SDSS J134820.42+194831.5,0.594,18.34,0.003,SDSS J134820.42+194831.5,SDSS J134820.42+194831.5,0.594,spec,spec,13:48:20.4,+19:48:31.9,207.08499999999998,19.808861111111113,13:48:20.4,+19:48:31.9,207.08499999999998,19.808861111111113,J2000,Optical,CRTS,Binary AGN Candidate,-100,-100,-100,-100,-100,-100,-99.0,0.0,Periodicity,-99,Graham+2015 ; Guo+2020,2015MNRAS.453.1562G ; 2020MNRAS.492.2910G,https://doi.org/10.1093/mnras/stv1726 ; https://doi.org/10.1093/mnras/stz3566,
SDSS J134855.27-032141.4,2.099,17.19,0.011,SDSS J134855.27-032141.4,SDSS J134855.27-032141.4,2.099,spec,spec,13:48:55.3,-3:21:41.4,207.23041666666666,-3.3615,13:48:55.3,-3:21:41.4,207.23041666666666,-3.3615,J2000,Optical,CRTS,Binary AGN Candidate,-100,-100,-100,-100,-100,-100,-99.0,0.0,Periodicity,-99,Graham+2015 ; Guo+2020,2015MNRAS.453.1562G ; 2020MNRAS.492.2910G,https://doi.org/10.1093/mnras/stv1726 ; https://doi.org/10.1093/mnras/stz3566,
SDSS J135225.80+132853.2,0.402,16.44,0.009,SDSS J135225.80+132853.2,SDSS J135225.80+132853.2,0.402,spec,spec,13:52:25.8,+13:28:53.3,208.1075,13.481472222222223,13:52:25.8,+13:28:53.3,208.1075,13.481472222222223,J2000,Optical,CRTS,Binary AGN Candidate,-100,-100,-100,-100,-100,-100,-99.0,0.0,Periodicity,-99,Graham+2015 ; Guo+2020,2015MNRAS.453.1562G ; 2020MNRAS.492.2910G,https://doi.org/10.1093/mnras/stv1726 ; https://doi.org/10.1093/mnras/stz3566,
SDSS J140600.26+013252.2,0.454,18.0,0.007,SDSS J140600.26+013252.2,SDSS J140600.26+013252.2,0.454,spec,spec,14:6:0.3,+1:32:52.4,211.50124999999997,1.5478888888888889,14:6:0.3,+1:32:52.4,211.50124999999997,1.5478888888888889,J2000,Optical,CRTS,Binary AGN Candidate,-100,-100,-100,-100,-100,-100,-99.0,0.0,Periodicity,-99,Graham+2015 ; Guo+2020,2015MNRAS.453.1562G ; 2020MNRAS.492.2910G,https://doi.org/10.1093/mnras/stv1726 ; https://doi.org/10.1093/mnras/stz3566,
SDSS J140704.43+273556.6,2.222,17.32,0.012,SDSS J140704.43+273556.6,SDSS J140704.43+273556.6,2.222,spec,spec,14:7:4.5,+27:35:56.3,211.76874999999998,27.598972222222223,14:7:4.5,+27:35:56.3,211.76874999999998,27.598972222222223,J2000,Optical,CRTS,Binary AGN Candidate,-100,-100,-100,-100,-100,-100,-99.0,0.0,Periodicity,-99,Graham+2015 ; Guo+2020,2015MNRAS.453.1562G ; 2020MNRAS.492.2910G,https://doi.org/10.1093/mnras/stv1726 ; https://doi.org/10.1093/mnras/stz3566,
HE 1408-1003,0.882,17.01,0.0,HE 1408-1003,HE 1408-1003,0.882,spec,spec,14:10:40.3,-10:17:29.7,212.66791666666663,-10.291583333333334,14:10:40.3,-10:17:29.7,212.66791666666663,-10.291583333333334,J2000,Optical,CRTS,Binary AGN Candidate,-100,-100,-100,-100,-100,-100,-99.0,0.0,Periodicity,-99,Graham+2015 ; Guo+2020,2015MNRAS.453.1562G ; 2020MNRAS.492.2910G,https://doi.org/10.1093/mnras/stv1726 ; https://doi.org/10.1093/mnras/stz3566,
SDSS J141425.92+171811.2,0.409,18.33,0.008,SDSS J141425.92+171811.2,SDSS J141425.92+171811.2,0.409,spec,spec,14:14:25.9,+17:18:11.6,213.60791666666663,17.303222222222225,14:14:25.9,+17:18:11.6,213.60791666666663,17.303222222222225,J2000,Optical,CRTS,Binary AGN Candidate,-100,-100,-100,-100,-100,-100,-99.0,0.0,Periodicity,-99,Graham+2015 ; Guo+2020,2015MNRAS.453.1562G ; 2020MNRAS.492.2910G,https://doi.org/10.1093/mnras/stv1726 ; https://doi.org/10.1093/mnras/stz3566,
3C 298.0,1.437,16.53,0.013,3C 298.0,3C 298.0,1.437,spec,spec,14:19:8.2,+6:28:35.1,214.78416666666664,6.476416666666667,14:19:8.2,+6:28:35.1,214.78416666666664,6.476416666666667,J2000,Optical,CRTS,Binary AGN Candidate,-100,-100,-100,-100,-100,-100,-99.0,0.0,Periodicity,-99,Graham+2015 ; Guo+2020,2015MNRAS.453.1562G ; 2020MNRAS.492.2910G,https://doi.org/10.1093/mnras/stv1726 ; https://doi.org/10.1093/mnras/stz3566,
SDSS J142301.96+101500.1,1.052,17.96,0.01,SDSS J142301.96+101500.1,SDSS J142301.96+101500.1,1.052,spec,spec,14:23:2.0,+10:15:0.0,215.7583333333333,10.25,14:23:2.0,+10:15:0.0,215.7583333333333,10.25,J2000,Optical,CRTS,Binary AGN Candidate,-100,-100,-100,-100,-100,-100,-99.0,0.0,Periodicity,-99,Graham+2015 ; Guo+2020,2015MNRAS.453.1562G ; 2020MNRAS.492.2910G,https://doi.org/10.1093/mnras/stv1726 ; https://doi.org/10.1093/mnras/stz3566,
SDSS J143621.29+072720.8,0.889,17.07,0.01,SDSS J143621.29+072720.8,SDSS J143621.29+072720.8,0.889,spec,spec,14:36:21.3,+7:27:21.1,219.08874999999995,7.455861111111111,14:36:21.3,+7:27:21.1,219.08874999999995,7.455861111111111,J2000,Optical,CRTS,Binary AGN Candidate,-100,-100,-100,-100,-100,-100,-99.0,0.0,Periodicity,-99,Graham+2015 ; Guo+2020,2015MNRAS.453.1562G ; 2020MNRAS.492.2910G,https://doi.org/10.1093/mnras/stv1726 ; https://doi.org/10.1093/mnras/stz3566,
SDSS J143820.60+055447.9,0.614,18.71,0.006,SDSS J143820.60+055447.9,SDSS J143820.60+055447.9,0.614,spec,spec,14:38:20.6,+5:54:48.1,219.58583333333328,5.9133611111111115,14:38:20.6,+5:54:48.1,219.58583333333328,5.9133611111111115,J2000,Optical,CRTS,Binary AGN Candidate,-100,-100,-100,-100,-100,-100,-99.0,0.0,Periodicity,-99,Graham+2015 ; Guo+2020,2015MNRAS.453.1562G ; 2020MNRAS.492.2910G,https://doi.org/10.1093/mnras/stv1726 ; https://doi.org/10.1093/mnras/stz3566,
SDSS J144754.62+132610.0,0.572,18.39,0.008,SDSS J144754.62+132610.0,SDSS J144754.62+132610.0,0.572,spec,spec,14:47:54.6,+13:26:10.4,221.9775,13.436222222222222,14:47:54.6,+13:26:10.4,221.9775,13.436222222222222,J2000,Optical,CRTS,Binary AGN Candidate,-100,-100,-100,-100,-100,-100,-99.0,0.0,Periodicity,-99,Graham+2015 ; Guo+2020,2015MNRAS.453.1562G ; 2020MNRAS.492.2910G,https://doi.org/10.1093/mnras/stv1726 ; https://doi.org/10.1093/mnras/stz3566,
SDSS J144755.57+100040.0,0.678,17.65,0.006,SDSS J144755.57+100040.0,SDSS J144755.57+100040.0,0.678,spec,spec,14:47:55.6,+10:0:40.4,221.98166666666663,10.011222222222223,14:47:55.6,+10:0:40.4,221.98166666666663,10.011222222222223,J2000,Optical,CRTS,Binary AGN Candidate,-100,-100,-100,-100,-100,-100,-99.0,0.0,Periodicity,-99,Graham+2015 ; Guo+2020,2015MNRAS.453.1562G ; 2020MNRAS.492.2910G,https://doi.org/10.1093/mnras/stv1726 ; https://doi.org/10.1093/mnras/stz3566,
SDSS J150450.16+012215.5,0.967,17.75,0.01,SDSS J150450.16+012215.5,SDSS J150450.16+012215.5,0.967,spec,spec,15:4:50.2,+1:22:15.8,226.20916666666665,1.3710555555555557,15:4:50.2,+1:22:15.8,226.20916666666665,1.3710555555555557,J2000,Optical,CRTS,Binary AGN Candidate,-100,-100,-100,-100,-100,-100,-99.0,0.0,Periodicity,-99,Graham+2015 ; Guo+2020,2015MNRAS.453.1562G ; 2020MNRAS.492.2910G,https://doi.org/10.1093/mnras/stv1726 ; https://doi.org/10.1093/mnras/stz3566,
QNZ3:54,1.402,18.64,0.009,QNZ3:54,QNZ3:54,1.402,spec,spec,15:18:6.6,+1:31:34.9,229.5275,1.526361111111111,15:18:6.6,+1:31:34.9,229.5275,1.526361111111111,J2000,Optical,CRTS,Binary AGN Candidate,-100,-100,-100,-100,-100,-100,-99.0,0.0,Periodicity,-99,Graham+2015 ; Guo+2020,2015MNRAS.453.1562G ; 2020MNRAS.492.2910G,https://doi.org/10.1093/mnras/stv1726 ; https://doi.org/10.1093/mnras/stz3566,
SDSS J152035.23+095925.2,1.049,18.88,0.007,SDSS J152035.23+095925.2,SDSS J152035.23+095925.2,1.049,spec,spec,15:20:35.2,+9:59:25.7,230.14666666666665,9.990472222222222,15:20:35.2,+9:59:25.7,230.14666666666665,9.990472222222222,J2000,Optical,CRTS,Binary AGN Candidate,-100,-100,-100,-100,-100,-100,-99.0,0.0,Periodicity,-99,Graham+2015 ; Guo+2020,2015MNRAS.453.1562G ; 2020MNRAS.492.2910G,https://doi.org/10.1093/mnras/stv1726 ; https://doi.org/10.1093/mnras/stz3566,
SDSS J152157.02+181018.6,0.731,18.23,0.005,SDSS J152157.02+181018.6,SDSS J152157.02+181018.6,0.731,spec,spec,15:21:57.0,+18:10:19.2,230.48749999999995,18.172,15:21:57.0,+18:10:19.2,230.48749999999995,18.172,J2000,Optical,CRTS,Binary AGN Candidate,-100,-100,-100,-100,-100,-100,-99.0,0.0,Periodicity,-99,Graham+2015 ; Guo+2020,2015MNRAS.453.1562G ; 2020MNRAS.492.2910G,https://doi.org/10.1093/mnras/stv1726 ; https://doi.org/10.1093/mnras/stz3566,
SDSS J153636.22+044127.0,0.379,16.75,0.007,SDSS J153636.22+044127.0,SDSS J153636.22+044127.0,0.379,spec,spec,15:36:36.2,+4:41:26.9,234.15083333333328,4.6908055555555555,15:36:36.2,+4:41:26.9,234.15083333333328,4.6908055555555555,J2000,Optical,CRTS,Binary AGN Candidate,-100,-100,-100,-100,-100,-100,-99.0,0.0,Periodicity,-99,Graham+2015 ; Guo+2020,2015MNRAS.453.1562G ; 2020MNRAS.492.2910G,https://doi.org/10.1093/mnras/stv1726 ; https://doi.org/10.1093/mnras/stz3566,
SDSS J154409.61+024040.0,0.964,18.72,0.008,SDSS J154409.61+024040.0,SDSS J154409.61+024040.0,0.964,spec,spec,15:44:9.6,+2:40:39.8,236.03999999999996,2.677722222222222,15:44:9.6,+2:40:39.8,236.03999999999996,2.677722222222222,J2000,Optical,CRTS,Binary AGN Candidate,-100,-100,-100,-100,-100,-100,-99.0,0.0,Periodicity,-99,Graham+2015 ; Guo+2020,2015MNRAS.453.1562G ; 2020MNRAS.492.2910G,https://doi.org/10.1093/mnras/stv1726 ; https://doi.org/10.1093/mnras/stz3566,
SDSS J155449.11+084204.8,0.786,17.03,0.008,SDSS J155449.11+084204.8,SDSS J155449.11+084204.8,0.786,spec,spec,15:54:49.1,+8:42:5.4,238.7045833333333,8.7015,15:54:49.1,+8:42:5.4,238.7045833333333,8.7015,J2000,Optical,CRTS,Binary AGN Candidate,-100,-100,-100,-100,-100,-100,-99.0,0.0,Periodicity,-99,Graham+2015 ; Guo+2020,2015MNRAS.453.1562G ; 2020MNRAS.492.2910G,https://doi.org/10.1093/mnras/stv1726 ; https://doi.org/10.1093/mnras/stz3566,
SDSS J155647.78+181531.5,1.502,18.79,0.01,SDSS J155647.78+181531.5,SDSS J155647.78+181531.5,1.502,spec,spec,15:56:47.8,+18:15:32.1,239.19916666666666,18.258916666666668,15:56:47.8,+18:15:32.1,239.19916666666666,18.258916666666668,J2000,Optical,CRTS,Binary AGN Candidate,-100,-100,-100,-100,-100,-100,-99.0,0.0,Periodicity,-99,Graham+2015 ; Guo+2020,2015MNRAS.453.1562G ; 2020MNRAS.492.2910G,https://doi.org/10.1093/mnras/stv1726 ; https://doi.org/10.1093/mnras/stz3566,
SDSS J160730.33+144904.3,1.8,17.57,0.013,SDSS J160730.33+144904.3,SDSS J160730.33+144904.3,1.8,spec,spec,16:7:30.3,+14:49:4.2,241.87624999999997,14.817833333333333,16:7:30.3,+14:49:4.2,241.87624999999997,14.817833333333333,J2000,Optical,CRTS,Binary AGN Candidate,-100,-100,-100,-100,-100,-100,-99.0,0.0,Periodicity,-99,Graham+2015 ; Guo+2020,2015MNRAS.453.1562G ; 2020MNRAS.492.2910G,https://doi.org/10.1093/mnras/stv1726 ; https://doi.org/10.1093/mnras/stz3566,
SDSS J161013.67+311756.4,0.245,17.19,0.005,SDSS J161013.67+311756.4,SDSS J161013.67+311756.4,0.245,spec,spec,16:10:13.7,+31:17:56.6,242.5570833333333,31.299055555555558,16:10:13.7,+31:17:56.6,242.5570833333333,31.299055555555558,J2000,Optical,CRTS,Binary AGN Candidate,-100,-100,-100,-100,-100,-100,-99.0,0.0,Periodicity,-99,Graham+2015 ; Guo+2020,2015MNRAS.453.1562G ; 2020MNRAS.492.2910G,https://doi.org/10.1093/mnras/stv1726 ; https://doi.org/10.1093/mnras/stz3566,
SDSS J161854.64+230859.1,0.561,18.22,0.006,SDSS J161854.64+230859.1,SDSS J161854.64+230859.1,0.561,spec,spec,16:18:54.6,+23:8:59.3,244.72749999999996,23.149805555555556,16:18:54.6,+23:8:59.3,244.72749999999996,23.149805555555556,J2000,Optical,CRTS,Binary AGN Candidate,-100,-100,-100,-100,-100,-100,-99.0,0.0,Periodicity,-99,Graham+2015 ; Guo+2020,2015MNRAS.453.1562G ; 2020MNRAS.492.2910G,https://doi.org/10.1093/mnras/stv1726 ; https://doi.org/10.1093/mnras/stz3566,
163107.34+560905.3,0.731,19.13,0.006,163107.34+560905.3,163107.34+560905.3,0.731,spec,spec,16:31:7.4,+56:9:5.1,247.78083333333328,56.15141666666666,16:31:7.4,+56:9:5.1,247.78083333333328,56.15141666666666,J2000,Optical,CRTS,Binary AGN Candidate,-100,-100,-100,-100,-100,-100,-99.0,0.0,Periodicity,-99,Graham+2015 ; Guo+2020,2015MNRAS.453.1562G ; 2020MNRAS.492.2910G,https://doi.org/10.1093/mnras/stv1726 ; https://doi.org/10.1093/mnras/stz3566,
HS 1630+2355,0.821,15.23,0.02,HS 1630+2355,HS 1630+2355,0.821,spec,spec,16:33:2.7,+23:49:28.8,248.26125,23.824666666666666,16:33:2.7,+23:49:28.8,248.26125,23.824666666666666,J2000,Optical,CRTS,Binary AGN Candidate,-100,-100,-100,-100,-100,-100,-99.0,0.0,Periodicity,-99,Graham+2015 ; Guo+2020,2015MNRAS.453.1562G ; 2020MNRAS.492.2910G,https://doi.org/10.1093/mnras/stv1726 ; https://doi.org/10.1093/mnras/stz3566,
SDSS J164452.71+430752.2,1.715,17.06,0.019,SDSS J164452.71+430752.2,SDSS J164452.71+430752.2,1.715,spec,spec,16:44:52.7,+43:7:52.9,251.21958333333333,43.13136111111111,16:44:52.7,+43:7:52.9,251.21958333333333,43.13136111111111,J2000,Optical,CRTS,Binary AGN Candidate,-100,-100,-100,-100,-100,-100,-99.0,0.0,Periodicity,-99,Graham+2015 ; Guo+2020,2015MNRAS.453.1562G ; 2020MNRAS.492.2910G,https://doi.org/10.1093/mnras/stv1726 ; https://doi.org/10.1093/mnras/stz3566,
SDSS J165136.76+434741.3,1.604,18.13,0.01,SDSS J165136.76+434741.3,SDSS J165136.76+434741.3,1.604,spec,spec,16:51:36.8,+43:47:41.9,252.9033333333333,43.79497222222222,16:51:36.8,+43:47:41.9,252.9033333333333,43.79497222222222,J2000,Optical,CRTS,Binary AGN Candidate,-100,-100,-100,-100,-100,-100,-99.0,0.0,Periodicity,-99,Graham+2015 ; Guo+2020,2015MNRAS.453.1562G ; 2020MNRAS.492.2910G,https://doi.org/10.1093/mnras/stv1726 ; https://doi.org/10.1093/mnras/stz3566,
MCG 5-40-026,0.036,14.65,0.0,MCG 5-40-026,MCG 5-40-026,0.036,spec,spec,17:1:7.8,+29:24:24.6,255.28249999999997,29.40683333333333,17:1:7.8,+29:24:24.6,255.28249999999997,29.40683333333333,J2000,Optical,CRTS,Binary AGN Candidate,-100,-100,-100,-100,-100,-100,-99.0,0.0,Periodicity,-99,Graham+2015 ; Guo+2020,2015MNRAS.453.1562G ; 2020MNRAS.492.2910G,https://doi.org/10.1093/mnras/stv1726 ; https://doi.org/10.1093/mnras/stz3566,
SDSS J170616.24+370927.0,1.267,18.19,0.007,SDSS J170616.24+370927.0,SDSS J170616.24+370927.0,1.267,spec,spec,17:6:16.2,+37:9:27.0,256.5675,37.1575,17:6:16.2,+37:9:27.0,256.5675,37.1575,J2000,Optical,CRTS,Binary AGN Candidate,-100,-100,-100,-100,-100,-100,-99.0,0.0,Periodicity,-99,Graham+2015 ; Guo+2020,2015MNRAS.453.1562G ; 2020MNRAS.492.2910G,https://doi.org/10.1093/mnras/stv1726 ; https://doi.org/10.1093/mnras/stz3566,
HS 1715+2131,0.59,16.19,0.0,HS 1715+2131,HS 1715+2131,0.59,spec,spec,17:17:20.1,+21:28:15.0,259.33375,21.47083333333333,17:17:20.1,+21:28:15.0,259.33375,21.47083333333333,J2000,Optical,CRTS,Binary AGN Candidate,-100,-100,-100,-100,-100,-100,-99.0,0.0,Periodicity,-99,Graham+2015 ; Guo+2020,2015MNRAS.453.1562G ; 2020MNRAS.492.2910G,https://doi.org/10.1093/mnras/stv1726 ; https://doi.org/10.1093/mnras/stz3566,
FBQS J17239+3748,0.828,17.55,0.013,FBQS J17239+3748,FBQS J17239+3748,0.828,spec,spec,17:23:54.3,+37:48:41.7,260.97624999999994,37.81158333333333,17:23:54.3,+37:48:41.7,260.97624999999994,37.81158333333333,J2000,Optical,CRTS,Binary AGN Candidate,-100,-100,-100,-100,-100,-100,-99.0,0.0,Periodicity,-99,Graham+2015 ; Guo+2020,2015MNRAS.453.1562G ; 2020MNRAS.492.2910G,https://doi.org/10.1093/mnras/stv1726 ; https://doi.org/10.1093/mnras/stz3566,
SDSS J172656.96+600348.5,0.991,18.5,0.01,SDSS J172656.96+600348.5,SDSS J172656.96+600348.5,0.991,spec,spec,17:26:56.9,+60:3:49.1,261.7370833333333,60.06363888888889,17:26:56.9,+60:3:49.1,261.7370833333333,60.06363888888889,J2000,Optical,CRTS,Binary AGN Candidate,-100,-100,-100,-100,-100,-100,-99.0,0.0,Periodicity,-99,Graham+2015 ; Guo+2020,2015MNRAS.453.1562G ; 2020MNRAS.492.2910G,https://doi.org/10.1093/mnras/stv1726 ; https://doi.org/10.1093/mnras/stz3566,
4C 50.43,1.111,16.74,0.0,4C 50.43,4C 50.43,1.111,spec,spec,17:31:3.7,+50:7:35.7,262.7654166666666,50.126583333333336,17:31:3.7,+50:7:35.7,262.7654166666666,50.126583333333336,J2000,Optical,CRTS,Binary AGN Candidate,-100,-100,-100,-100,-100,-100,-99.0,0.0,Periodicity,-99,Graham+2015 ; Guo+2020,2015MNRAS.453.1562G ; 2020MNRAS.492.2910G,https://doi.org/10.1093/mnras/stv1726 ; https://doi.org/10.1093/mnras/stz3566,
BZQJ2156-2012,1.309,17.01,0.0,BZQJ2156-2012,BZQJ2156-2012,1.309,spec,spec,21:56:33.7,-20:12:30.2,329.1404166666666,-20.208388888888887,21:56:33.7,-20:12:30.2,329.1404166666666,-20.208388888888887,J2000,Optical,CRTS,Binary AGN Candidate,-100,-100,-100,-100,-100,-100,-99.0,0.0,Periodicity,-99,Graham+2015 ; Guo+2020,2015MNRAS.453.1562G ; 2020MNRAS.492.2910G,https://doi.org/10.1093/mnras/stv1726 ; https://doi.org/10.1093/mnras/stz3566,
SDSS J221016.97+122213.9,0.717,18.32,0.008,SDSS J221016.97+122213.9,SDSS J221016.97+122213.9,0.717,spec,spec,22:10:17.0,+12:22:14.0,332.5708333333333,12.370555555555557,22:10:17.0,+12:22:14.0,332.5708333333333,12.370555555555557,J2000,Optical,CRTS,Binary AGN Candidate,-100,-100,-100,-100,-100,-100,-99.0,0.0,Periodicity,-99,Graham+2015 ; Guo+2020,2015MNRAS.453.1562G ; 2020MNRAS.492.2910G,https://doi.org/10.1093/mnras/stv1726 ; https://doi.org/10.1093/mnras/stz3566,
6QZ J221925.1-305408,0.579,19.15,0.0,6QZ J221925.1-305408,6QZ J221925.1-305408,0.579,spec,spec,22:19:25.2,-30:54:8.1,334.85499999999996,-30.90225,22:19:25.2,-30:54:8.1,334.85499999999996,-30.90225,J2000,Optical,CRTS,Binary AGN Candidate,-100,-100,-100,-100,-100,-100,-99.0,0.0,Periodicity,-99,Graham+2015 ; Guo+2020,2015MNRAS.453.1562G ; 2020MNRAS.492.2910G,https://doi.org/10.1093/mnras/stv1726 ; https://doi.org/10.1093/mnras/stz3566,
HS 2219+1944,0.211,16.33,0.0,HS 2219+1944,HS 2219+1944,0.211,spec,spec,22:22:21.1,+19:59:48.1,335.5879166666667,19.996694444444444,22:22:21.1,+19:59:48.1,335.5879166666667,19.996694444444444,J2000,Optical,CRTS,Binary AGN Candidate,-100,-100,-100,-100,-100,-100,-99.0,0.0,Periodicity,-99,Graham+2015 ; Guo+2020,2015MNRAS.453.1562G ; 2020MNRAS.492.2910G,https://doi.org/10.1093/mnras/stv1726 ; https://doi.org/10.1093/mnras/stz3566,
SDSS J224829.47+144418.0,0.424,18.82,0.008,SDSS J224829.47+144418.0,SDSS J224829.47+144418.0,0.424,spec,spec,22:48:29.4,+14:44:18.4,342.1225,14.738444444444443,22:48:29.4,+14:44:18.4,342.1225,14.738444444444443,J2000,Optical,CRTS,Binary AGN Candidate,-100,-100,-100,-100,-100,-100,-99.0,0.0,Periodicity,-99,Graham+2015 ; Guo+2020,2015MNRAS.453.1562G ; 2020MNRAS.492.2910G,https://doi.org/10.1093/mnras/stv1726 ; https://doi.org/10.1093/mnras/stz3566,
UM269,0.308,,,UM269,UM269,0.308,spec,spec,0:43:19.74,0:51:15.45,10.832244,0.854291,0:43:19.74,0:51:15.45,10.832244,0.854291,J2000,-99,-99,Binary AGN Candidate,-100,-100,-100,-100,-100,-100,,,Periodicity,-99,Charisi+2016,2016MNRAS.463.2145C,https://doi.org/10.1093/mnras/stw1838,
SDSS J005158.83-002054.1,1.047,,,SDSS J005158.83-002054.1,SDSS J005158.83-002054.1,1.047,spec,spec,0:51:58.83,-0:20:54.18,12.995131,-0.348382,0:51:58.83,-0:20:54.18,12.995131,-0.348382,J2000,-99,-99,Binary AGN Candidate,-100,-100,-100,-100,-100,-100,3.5e-07,,Periodicity,-99,Charisi+2016 ; Guo+2020,2016MNRAS.463.2145C ; 2020MNRAS.492.2910G,https://doi.org/10.1093/mnras/stw1838 ; https://doi.org/10.1093/mnras/stz3566,
SDSS J005453.30-003258.3,0.961,,,SDSS J005453.30-003258.3,SDSS J005453.30-003258.3,0.961,spec,spec,0:54:53.30,-0:32:58.32,13.722104,-0.549532,0:54:53.30,-0:32:58.32,13.722104,-0.549532,J2000,-99,-99,Binary AGN Candidate,-100,-100,-100,-100,-100,-100,1.8999999999999998e-07,,Periodicity,-99,Charisi+2016 ; Guo+2020,2016MNRAS.463.2145C ; 2020MNRAS.492.2910G,https://doi.org/10.1093/mnras/stw1838 ; https://doi.org/10.1093/mnras/stz3566,
SDSS J023050.06+005843.1,1.447,,,SDSS J023050.06+005843.1,SDSS J023050.06+005843.1,1.447,spec,spec,2:30:50.07,0:58:43.18,37.7086065,0.9786625,2:30:50.07,0:58:43.18,37.7086065,0.9786625,J2000,-99,-99,Binary AGN Candidate,-100,-100,-100,-100,-100,-100,7.699999999999999e-07,,Periodicity,-99,Charisi+2016,2016MNRAS.463.2145C,https://doi.org/10.1093/mnras/stw1838,
SDSS J024442.77-004223.2,0.628,,,SDSS J024442.77-004223.2,SDSS J024442.77-004223.2,0.628,spec,spec,2:44:42.78,-0:42:23.24,41.1782445,-0.7064567,2:44:42.78,-0:42:23.24,41.1782445,-0.7064567,J2000,-99,-99,Binary AGN Candidate,-100,-100,-100,-100,-100,-100,2.5e-07,,Periodicity,-99,Charisi+2016 ; Guo+2020,2016MNRAS.463.2145C ; 2020MNRAS.492.2910G,https://doi.org/10.1093/mnras/stw1838 ; https://doi.org/10.1093/mnras/stz3566,
2QZ J095344.7+010354,0.994,,,2QZ J095344.7+010354,2QZ J095344.7+010354,0.994,spec,spec,9:53:44.81,1:03:54.70,148.4366915,1.0651954,9:53:44.81,1:03:54.70,148.4366915,1.0651954,J2000,-99,-99,Binary AGN Candidate,-100,-100,-100,-100,-100,-100,2.1999999999999998e-07,,Periodicity,-99,Charisi+2016 ; Guo+2020,2016MNRAS.463.2145C ; 2020MNRAS.492.2910G,https://doi.org/10.1093/mnras/stw1838 ; https://doi.org/10.1093/mnras/stz3566,
SDSS J104648.62+513912.6,0.587,,,SDSS J104648.62+513912.6,SDSS J104648.62+513912.6,0.587,spec,spec,10:46:48.62,51:39:12.65,161.7026015,51.6535127,10:46:48.62,51:39:12.65,161.7026015,51.6535127,J2000,-99,-99,Binary AGN Candidate,-100,-100,-100,-100,-100,-100,6.3e-07,,Periodicity,-99,Charisi+2016,2016MNRAS.463.2145C,https://doi.org/10.1093/mnras/stw1838,
SDSS J132815.49+361715.9,1.088,,,SDSS J132815.49+361715.9,SDSS J132815.49+361715.9,1.088,spec,spec,13:28:15.50,36:17:15.98,202.064565,36.287773,13:28:15.50,36:17:15.98,202.064565,36.287773,J2000,-99,-99,Binary AGN Candidate,-100,-100,-100,-100,-100,-100,4.9e-07,,Periodicity,-99,Charisi+2016,2016MNRAS.463.2145C,https://doi.org/10.1093/mnras/stw1838,
SDSS J133254.51+371735.5,2.46,,,SDSS J133254.51+371735.5,SDSS J133254.51+371735.5,2.46,spec,spec,13:32:54.52,37:17:35.60,203.2271569,37.2932211,13:32:54.52,37:17:35.60,203.2271569,37.2932211,J2000,-99,-99,Binary AGN Candidate,-100,-100,-100,-100,-100,-100,1.8e-07,,Periodicity,-99,Charisi+2016 ; Guo+2020,2016MNRAS.463.2145C ; 2020MNRAS.492.2910G,https://doi.org/10.1093/mnras/stw1838 ; https://doi.org/10.1093/mnras/stz3566,
SDSS J133840.66+315936.4,2.944,,,SDSS J133840.66+315936.4,SDSS J133840.66+315936.4,2.944,spec,spec,13:38:40.67,31:59:36.42,204.6694431,31.9934505,13:38:40.67,31:59:36.42,204.6694431,31.9934505,J2000,-99,-99,Binary AGN Candidate,-100,-100,-100,-100,-100,-100,2.9e-07,,Periodicity,-99,Charisi+2016 ; Guo+2020,2016MNRAS.463.2145C ; 2020MNRAS.492.2910G,https://doi.org/10.1093/mnras/stw1838 ; https://doi.org/10.1093/mnras/stz3566,
SDSS J134553.57+334336.0,0.886,,,SDSS J134553.57+334336.0,SDSS J134553.57+334336.0,0.886,spec,spec,13:45:53.58,33:43:36.02,206.4732442,33.726672,13:45:53.58,33:43:36.02,206.4732442,33.726672,J2000,-99,-99,Binary AGN Candidate,-100,-100,-100,-100,-100,-100,7e-07,,Periodicity,-99,Charisi+2016 ; Guo+2020,2016MNRAS.463.2145C ; 2020MNRAS.492.2910G,https://doi.org/10.1093/mnras/stw1838 ; https://doi.org/10.1093/mnras/stz3566,
SDSS J134556.16+343224.5,0.874,,,SDSS J134556.16+343224.5,SDSS J134556.16+343224.5,0.874,spec,spec,13:45:56.16,34:32:24.55,206.4840056,34.540154,13:45:56.16,34:32:24.55,206.4840056,34.540154,J2000,-99,-99,Binary AGN Candidate,-100,-100,-100,-100,-100,-100,3.3e-07,,Periodicity,-99,Charisi+2016 ; Guo+2020,2016MNRAS.463.2145C ; 2020MNRAS.492.2910G,https://doi.org/10.1093/mnras/stw1838 ; https://doi.org/10.1093/mnras/stz3566,
SDSS J140929.76+535930.2,0.863,,,SDSS J140929.76+535930.2,SDSS J140929.76+535930.2,0.863,spec,spec,14:09:29.76,53:59:30.20,212.3740072,53.9917232,14:09:29.76,53:59:30.20,212.3740072,53.9917232,J2000,-99,-99,Binary AGN Candidate,-100,-100,-100,-100,-100,-100,5.3e-07,,Periodicity,-99,Charisi+2016,2016MNRAS.463.2145C,https://doi.org/10.1093/mnras/stw1838,
SDSS J141004.41+334945.5,0.63,,,SDSS J141004.41+334945.5,SDSS J141004.41+334945.5,0.63,spec,spec,14:10:04.42,33:49:45.54,212.518403,33.829316,14:10:04.42,33:49:45.54,212.518403,33.829316,J2000,-99,-99,Binary AGN Candidate,-100,-100,-100,-100,-100,-100,6e-07,,Periodicity,-99,Charisi+2016 ; Guo+2020,2016MNRAS.463.2145C ; 2020MNRAS.492.2910G,https://doi.org/10.1093/mnras/stw1838 ; https://doi.org/10.1093/mnras/stz3566,
SDSS J141244.09+421257.6,0.805,,,SDSS J141244.09+421257.6,SDSS J141244.09+421257.6,0.805,spec,spec,14:12:44.10,42:12:57.68,213.1837413,42.216021,14:12:44.10,42:12:57.68,213.1837413,42.216021,J2000,-99,-99,Binary AGN Candidate,-100,-100,-100,-100,-100,-100,8e-07,,Periodicity,-99,Charisi+2016 ; Guo+2020,2016MNRAS.463.2145C ; 2020MNRAS.492.2910G,https://doi.org/10.1093/mnras/stw1838 ; https://doi.org/10.1093/mnras/stz3566,
SDSS J142339.44+471240.8,1.24,,,SDSS J142339.44+471240.8,SDSS J142339.44+471240.8,1.24,spec,spec,14:23:39.44,47:12:40.80,215.9143459,47.2113337,14:23:39.44,47:12:40.80,215.9143459,47.2113337,J2000,-99,-99,Binary AGN Candidate,-100,-100,-100,-100,-100,-100,2e-07,,Periodicity,-99,Charisi+2016 ; Guo+2020,2016MNRAS.463.2145C ; 2020MNRAS.492.2910G,https://doi.org/10.1093/mnras/stw1838 ; https://doi.org/10.1093/mnras/stz3566,
TEX 1428+370,0.566,,,TEX 1428+370,TEX 1428+370,0.566,spec,spec,14:30:40.58,36:49:03.90,217.669103,36.817749,14:30:40.58,36:49:03.90,217.669103,36.817749,J2000,-99,-99,Binary AGN Candidate,-100,-100,-100,-100,-100,-100,3.2e-07,,Periodicity,-99,Charisi+2016,2016MNRAS.463.2145C,https://doi.org/10.1093/mnras/stw1838,
SDSS J143637.44+090155.5,0.568,,,SDSS J143637.44+090155.5,SDSS J143637.44+090155.5,0.568,spec,spec,14:36:37.44,9:01:55.50,219.1560102,9.0320841,14:36:37.44,9:01:55.50,219.1560102,9.0320841,J2000,-99,-99,Binary AGN Candidate,-100,-100,-100,-100,-100,-100,1.8e-07,,Periodicity,-99,Charisi+2016,2016MNRAS.463.2145C,https://doi.org/10.1093/mnras/stw1838,
SDSS J145713.26+140334.1,2.926,,,SDSS J145713.26+140334.1,SDSS J145713.26+140334.1,2.926,spec,spec,14:57:13.27,14:03:34.13,224.3052882,14.0594797,14:57:13.27,14:03:34.13,224.3052882,14.0594797,J2000,-99,-99,Binary AGN Candidate,-100,-100,-100,-100,-100,-100,2.6e-07,,Periodicity,-99,Charisi+2016,2016MNRAS.463.2145C,https://doi.org/10.1093/mnras/stw1838,
SDSS J145859.07+153144.7,2.898,,,SDSS J145859.07+153144.7,SDSS J145859.07+153144.7,2.898,spec,spec,14:58:59.08,15:31:44.73,224.7461508,15.5290922,14:58:59.08,15:31:44.73,224.7461508,15.5290922,J2000,-99,-99,Binary AGN Candidate,-100,-100,-100,-100,-100,-100,4.6e-07,,Periodicity,-99,Charisi+2016,2016MNRAS.463.2145C,https://doi.org/10.1093/mnras/stw1838,
SDSS J150900.70+175114.3,0.742,,,SDSS J150900.70+175114.3,SDSS J150900.70+175114.3,0.742,spec,spec,15:09:00.71,17:51:14.39,227.2529518,17.8539974,15:09:00.71,17:51:14.39,227.2529518,17.8539974,J2000,-99,-99,Binary AGN Candidate,-100,-100,-100,-100,-100,-100,3e-07,,Periodicity,-99,Charisi+2016 ; Guo+2020,2016MNRAS.463.2145C ; 2020MNRAS.492.2910G,https://doi.org/10.1093/mnras/stw1838 ; https://doi.org/10.1093/mnras/stz3566,
FBQS J150911.2+215508,0.438,,,FBQS J150911.2+215508,FBQS J150911.2+215508,0.438,spec,spec,15:09:11.24,21:55:08.80,227.296833,21.91911,15:09:11.24,21:55:08.80,227.296833,21.91911,J2000,-99,-99,Binary AGN Candidate,-100,-100,-100,-100,-100,-100,4.0999999999999994e-07,,Periodicity,-99,Charisi+2016,2016MNRAS.463.2145C,https://doi.org/10.1093/mnras/stw1838,
SDSS J150912.07+204004.6,0.339,,,SDSS J150912.07+204004.6,SDSS J150912.07+204004.6,0.339,spec,spec,15:09:12.08,20:40:04.66,227.300313,20.667961,15:09:12.08,20:40:04.66,227.300313,20.667961,J2000,-99,-99,Binary AGN Candidate,-100,-100,-100,-100,-100,-100,3.1e-07,,Periodicity,-99,Charisi+2016,2016MNRAS.463.2145C,https://doi.org/10.1093/mnras/stw1838,
SDSS J151053.24+240943.3,0.807,,,SDSS J151053.24+240943.3,SDSS J151053.24+240943.3,0.807,spec,spec,15:10:53.24,24:09:43.32,227.7218528,24.1620337,15:10:53.24,24:09:43.32,227.7218528,24.1620337,J2000,-99,-99,Binary AGN Candidate,-100,-100,-100,-100,-100,-100,3.8999999999999997e-07,,Periodicity,-99,Charisi+2016,2016MNRAS.463.2145C,https://doi.org/10.1093/mnras/stw1838,
SDSS J151243.67+195845.1,0.808,,,SDSS J151243.67+195845.1,SDSS J151243.67+195845.1,0.808,spec,spec,15:12:43.68,19:58:45.19,228.181998,19.97922,15:12:43.68,19:58:45.19,228.181998,19.97922,J2000,-99,-99,Binary AGN Candidate,-100,-100,-100,-100,-100,-100,3.3e-07,,Periodicity,-99,Charisi+2016,2016MNRAS.463.2145C,https://doi.org/10.1093/mnras/stw1838,
SDSS J151646.10+221724.7,0.599,,,SDSS J151646.10+221724.7,SDSS J151646.10+221724.7,0.599,spec,spec,15:16:46.11,22:17:24.79,229.192124,22.290219,15:16:46.11,22:17:24.79,229.192124,22.290219,J2000,-99,-99,Binary AGN Candidate,-100,-100,-100,-100,-100,-100,3.5e-07,,Periodicity,-99,Charisi+2016 ; Guo+2020,2016MNRAS.463.2145C ; 2020MNRAS.492.2910G,https://doi.org/10.1093/mnras/stw1838 ; https://doi.org/10.1093/mnras/stz3566,
SDSS J152739.97+413234.6,1.014,,,SDSS J152739.97+413234.6,SDSS J152739.97+413234.6,1.014,spec,spec,15:27:39.97,41:32:34.64,231.916542,41.542956,15:27:39.97,41:32:34.64,231.916542,41.542956,J2000,-99,-99,Binary AGN Candidate,-100,-100,-100,-100,-100,-100,5e-07,,Periodicity,-99,Charisi+2016 ; Guo+2020,2016MNRAS.463.2145C ; 2020MNRAS.492.2910G,https://doi.org/10.1093/mnras/stw1838 ; https://doi.org/10.1093/mnras/stz3566,
SDSS J152903.11+223623.8,0.506,,,SDSS J152903.11+223623.8,SDSS J152903.11+223623.8,0.506,spec,spec,15:29:03.11,22:36:23.85,232.262976,22.606624,15:29:03.11,22:36:23.85,232.262976,22.606624,J2000,-99,-99,Binary AGN Candidate,-100,-100,-100,-100,-100,-100,3.5e-07,,Periodicity,-99,Charisi+2016,2016MNRAS.463.2145C,https://doi.org/10.1093/mnras/stw1838,
SDSS J153051.79+503440.1,0.928,,,SDSS J153051.79+503440.1,SDSS J153051.79+503440.1,0.928,spec,spec,15:30:51.80,50:34:40.16,232.7158316,50.5778224,15:30:51.80,50:34:40.16,232.7158316,50.5778224,J2000,-99,-99,Binary AGN Candidate,-100,-100,-100,-100,-100,-100,3.7999999999999996e-07,,Periodicity,-99,Charisi+2016 ; Guo+2020,2016MNRAS.463.2145C ; 2020MNRAS.492.2910G,https://doi.org/10.1093/mnras/stw1838 ; https://doi.org/10.1093/mnras/stz3566,
SDSS J153251.06+335852.2,1.889,,,SDSS J153251.06+335852.2,SDSS J153251.06+335852.2,1.889,spec,spec,15:32:51.06,33:58:52.27,233.2127605,33.9811873,15:32:51.06,33:58:52.27,233.2127605,33.9811873,J2000,-99,-99,Binary AGN Candidate,-100,-100,-100,-100,-100,-100,3e-07,,Periodicity,-99,Charisi+2016 ; Guo+2020,2016MNRAS.463.2145C ; 2020MNRAS.492.2910G,https://doi.org/10.1093/mnras/stw1838 ; https://doi.org/10.1093/mnras/stz3566,
PDS 898,0.886,,,PDS 898,PDS 898,0.886,spec,spec,15:36:58.31,34:31:49.48,234.242972,34.530411,15:36:58.31,34:31:49.48,234.242972,34.530411,J2000,-99,-99,Binary AGN Candidate,-100,-100,-100,-100,-100,-100,3.7e-07,,Periodicity,-99,Charisi+2016 ; Guo+2020,2016MNRAS.463.2145C ; 2020MNRAS.492.2910G,https://doi.org/10.1093/mnras/stw1838 ; https://doi.org/10.1093/mnras/stz3566,
SDSS J155308.65+501436.5,2.774,,,SDSS J155308.65+501436.5,SDSS J155308.65+501436.5,2.774,spec,spec,15:53:08.66,50:14:36.56,238.2860757,50.24349,15:53:08.66,50:14:36.56,238.2860757,50.24349,J2000,-99,-99,Binary AGN Candidate,-100,-100,-100,-100,-100,-100,3.4000000000000003e-07,,Periodicity,-99,Charisi+2016,2016MNRAS.463.2145C,https://doi.org/10.1093/mnras/stw1838,
SDSS J160322.68+200535.2,2.337,,,SDSS J160322.68+200535.2,SDSS J160322.68+200535.2,2.337,spec,spec,16:03:22.69,20:05:35.25,240.8445362,20.0931253,16:03:22.69,20:05:35.25,240.8445362,20.0931253,J2000,-99,-99,Binary AGN Candidate,-100,-100,-100,-100,-100,-100,3.7999999999999996e-07,,Periodicity,-99,Charisi+2016,2016MNRAS.463.2145C,https://doi.org/10.1093/mnras/stw1838,
SDSS J160454.57+315733.5,3.159,,,SDSS J160454.57+315733.5,SDSS J160454.57+315733.5,3.159,spec,spec,16:04:54.57,31:57:33.58,241.2273914,31.9593278,16:04:54.57,31:57:33.58,241.2273914,31.9593278,J2000,-99,-99,Binary AGN Candidate,-100,-100,-100,-100,-100,-100,2.6e-07,,Periodicity,-99,Charisi+2016 ; Guo+2020,2016MNRAS.463.2145C ; 2020MNRAS.492.2910G,https://doi.org/10.1093/mnras/stw1838 ; https://doi.org/10.1093/mnras/stz3566,
SDSS J162634.15+325032.6,0.858,,,SDSS J162634.15+325032.6,SDSS J162634.15+325032.6,0.858,spec,spec,16:26:34.15,32:50:32.63,246.6422999,32.8423962,16:26:34.15,32:50:32.63,246.6422999,32.8423962,J2000,-99,-99,Binary AGN Candidate,-100,-100,-100,-100,-100,-100,2.4e-07,,Periodicity,-99,Charisi+2016,2016MNRAS.463.2145C,https://doi.org/10.1093/mnras/stw1838,
SDSS J170942.58+342316.2,1.734,,,SDSS J170942.58+342316.2,SDSS J170942.58+342316.2,1.734,spec,spec,17:09:42.58,34:23:16.26,257.427431,34.38785,17:09:42.58,34:23:16.26,257.427431,34.38785,J2000,-99,-99,Binary AGN Candidate,-100,-100,-100,-100,-100,-100,3.8999999999999997e-07,,Periodicity,-99,Charisi+2016 ; Guo+2020,2016MNRAS.463.2145C ; 2020MNRAS.492.2910G,https://doi.org/10.1093/mnras/stw1838 ; https://doi.org/10.1093/mnras/stz3566,
SDSS J171122.67+342658.9,2.132,,,SDSS J171122.67+342658.9,SDSS J171122.67+342658.9,2.132,spec,spec,17:11:22.67,34:26:58.99,257.8444609,34.4497191,17:11:22.67,34:26:58.99,257.8444609,34.4497191,J2000,-99,-99,Binary AGN Candidate,-100,-100,-100,-100,-100,-100,1.8999999999999998e-07,,Periodicity,-99,Charisi+2016 ; Guo+2020,2016MNRAS.463.2145C ; 2020MNRAS.492.2910G,https://doi.org/10.1093/mnras/stw1838 ; https://doi.org/10.1093/mnras/stz3566,
SDSS J171617.49+341553.3,1.149,,,SDSS J171617.49+341553.3,SDSS J171617.49+341553.3,1.149,spec,spec,17:16:17.49,34:15:53.35,259.072878,34.264819,17:16:17.49,34:15:53.35,259.072878,34.264819,J2000,-99,-99,Binary AGN Candidate,-100,-100,-100,-100,-100,-100,1.8999999999999998e-07,,Periodicity,-99,Charisi+2016 ; Guo+2020,2016MNRAS.463.2145C ; 2020MNRAS.492.2910G,https://doi.org/10.1093/mnras/stw1838 ; https://doi.org/10.1093/mnras/stz3566,
SDSS J171909.93+344001.3,2.155,,,SDSS J171909.93+344001.3,SDSS J171909.93+344001.3,2.155,spec,spec,17:19:09.94,34:40:01.36,259.7914157,34.6670451,17:19:09.94,34:40:01.36,259.7914157,34.6670451,J2000,-99,-99,Binary AGN Candidate,-100,-100,-100,-100,-100,-100,2.9e-07,,Periodicity,-99,Charisi+2016 ; Guo+2020,2016MNRAS.463.2145C ; 2020MNRAS.492.2910G,https://doi.org/10.1093/mnras/stw1838 ; https://doi.org/10.1093/mnras/stz3566,
SDSS J212939.60+004845.5,2.266,,,SDSS J212939.60+004845.5,SDSS J212939.60+004845.5,2.266,spec,spec,21:29:39.60,0:48:45.54,322.4150072,0.8126513,21:29:39.60,0:48:45.54,322.4150072,0.8126513,J2000,-99,-99,Binary AGN Candidate,-100,-100,-100,-100,-100,-100,2.9e-07,,Periodicity,-99,Charisi+2016 ; Guo+2020,2016MNRAS.463.2145C ; 2020MNRAS.492.2910G,https://doi.org/10.1093/mnras/stw1838 ; https://doi.org/10.1093/mnras/stz3566,
SDSS J214036.77+005210.1,0.92,,,SDSS J214036.77+005210.1,SDSS J214036.77+005210.1,0.92,spec,spec,21:40:36.78,0:52:10.17,325.1532346,0.869492,21:40:36.78,0:52:10.17,325.1532346,0.869492,J2000,-99,-99,Binary AGN Candidate,-100,-100,-100,-100,-100,-100,3.2e-07,,Periodicity,-99,Charisi+2016 ; Guo+2020,2016MNRAS.463.2145C ; 2020MNRAS.492.2910G,https://doi.org/10.1093/mnras/stw1838 ; https://doi.org/10.1093/mnras/stz3566,
SDSS J214225.29+001643.2,1.26,,,SDSS J214225.29+001643.2,SDSS J214225.29+001643.2,1.26,spec,spec,21:42:25.30,0:16:43.27,325.6054161,0.2786872,21:42:25.30,0:16:43.27,325.6054161,0.2786872,J2000,-99,-99,Binary AGN Candidate,-100,-100,-100,-100,-100,-100,2e-07,,Periodicity,-99,Charisi+2016 ; Guo+2020,2016MNRAS.463.2145C ; 2020MNRAS.492.2910G,https://doi.org/10.1093/mnras/stw1838 ; https://doi.org/10.1093/mnras/stz3566,
SDSS J214357.98+003349.6,2.338,,,SDSS J214357.98+003349.6,SDSS J214357.98+003349.6,2.338,spec,spec,21:43:57.99,0:33:49.70,325.9916181,0.5638052,21:43:57.99,0:33:49.70,325.9916181,0.5638052,J2000,-99,-99,Binary AGN Candidate,-100,-100,-100,-100,-100,-100,3.8999999999999997e-07,,Periodicity,-99,Charisi+2016 ; Guo+2020,2016MNRAS.463.2145C ; 2020MNRAS.492.2910G,https://doi.org/10.1093/mnras/stw1838 ; https://doi.org/10.1093/mnras/stz3566,
PKS 2203-215,0.577,,,PKS 2203-215,PKS 2203-215,0.577,spec,spec,22:06:41.40,-21:19:40.00,331.6725,-21.3277778,22:06:41.40,-21:19:40.00,331.6725,-21.3277778,J2000,-99,-99,Binary AGN Candidate,-100,-100,-100,-100,-100,-100,6e-07,,Periodicity,-99,Charisi+2016 ; Guo+2020,2016MNRAS.463.2145C ; 2020MNRAS.492.2910G,https://doi.org/10.1093/mnras/stw1838 ; https://doi.org/10.1093/mnras/stz3566,
SDSS J224008.39+263928.4,2.827,,,SDSS J224008.39+263928.4,SDSS J224008.39+263928.4,2.827,spec,spec,22:40:08.40,26:39:28.45,340.0349874,26.6579024,22:40:08.40,26:39:28.45,340.0349874,26.6579024,J2000,-99,-99,Binary AGN Candidate,-100,-100,-100,-100,-100,-100,2.7e-07,,Periodicity,-99,Charisi+2016,2016MNRAS.463.2145C,https://doi.org/10.1093/mnras/stw1838,
SDSS J231733.66+001128.3,0.841,,,SDSS J231733.66+001128.3,SDSS J231733.66+001128.3,0.841,spec,spec,23:17:33.67,0:11:28.36,349.390273,0.191212,23:17:33.67,0:11:28.36,349.390273,0.191212,J2000,-99,-99,Binary AGN Candidate,-100,-100,-100,-100,-100,-100,4.5e-07,,Periodicity,-99,Charisi+2016 ; Guo+2020,2016MNRAS.463.2145C ; 2020MNRAS.492.2910G,https://doi.org/10.1093/mnras/stw1838 ; https://doi.org/10.1093/mnras/stz3566,
SDSS J232135.73+173916.5,0.842,,,SDSS J232135.73+173916.5,SDSS J232135.73+173916.5,0.842,spec,spec,23:21:35.74,17:39:16.57,350.3988982,17.6546025,23:21:35.74,17:39:16.57,350.3988982,17.6546025,J2000,-99,-99,Binary AGN Candidate,-100,-100,-100,-100,-100,-100,4.2999999999999996e-07,,Periodicity,-99,Charisi+2016 ; Guo+2020,2016MNRAS.463.2145C ; 2020MNRAS.492.2910G,https://doi.org/10.1093/mnras/stw1838 ; https://doi.org/10.1093/mnras/stz3566,
2QZ J235800.2-281429,1.598,,,2QZ J235800.2-281429,2QZ J235800.2-281429,1.598,spec,spec,23:58:00.27,-28:14:29.00,359.5011112,-28.2413889,23:58:00.27,-28:14:29.00,359.5011112,-28.2413889,J2000,-99,-99,Binary AGN Candidate,-100,-100,-100,-100,-100,-100,2.5e-07,,Periodicity,-99,Charisi+2016 ; Guo+2020,2016MNRAS.463.2145C ; 2020MNRAS.492.2910G,https://doi.org/10.1093/mnras/stw1838 ; https://doi.org/10.1093/mnras/stz3566,
SDSS J235928.99+170426.9,0.714,,,SDSS J235928.99+170426.9,SDSS J235928.99+170426.9,0.714,spec,spec,23:59:28.99,17:04:26.98,359.8708046,17.0741612,23:59:28.99,17:04:26.98,359.8708046,17.0741612,J2000,-99,-99,Binary AGN Candidate,-100,-100,-100,-100,-100,-100,4.2999999999999996e-07,,Periodicity,-99,Charisi+2016 ; Guo+2020,2016MNRAS.463.2145C ; 2020MNRAS.492.2910G,https://doi.org/10.1093/mnras/stw1838 ; https://doi.org/10.1093/mnras/stz3566,
