Name1,Name2,z1,z2,z1_type,z2_type,RA1,Dec1,RA1_deg,Dec1_deg,RA2,Dec2,RA2_deg,Dec2_deg,Equinox1,Coordinate_waveband1,Coordinate_Source1,System Type,Brightness1,Brightness_band1,Brightness_type1,Brightness2,Brightness_band2,Brightness_type2,Sep,dV,Selection Method,Confirmation Method,Paper(s),BibCode(s),DOI(s),Notes,RA,Dec
010212.54+014032.3,-99,-99.0,-99,-99,-99,1:02:12.54,1:40:32.38,15.55226876487796,1.6756615654189242,1:02:12.54,1:40:32.38,15.55226876487796,1.6756615654189242,J2000,Optical,GAIA DR2 Barycenter Coordinates,Dual AGN Candidate,-100,-100,-100,-100,-100,-100,-99.0,-99,Varstrometry / Optical Imaging,-99,Hwang+2020,2020ApJ...888...73H,https://doi.org/10.3847/1538-4357/ab5c1a,,,
024634.09-082536.1,-99,-99.0,-99,-99,-99,2:46:34.05,-8:25:35.57,41.64186177779016,-8.426548596349267,2:46:34.05,-8:25:35.57,41.64186177779016,-8.426548596349267,J2000,Optical,GAIA DR2 Barycenter Coordinates,Dual AGN Candidate,-100,-100,-100,-100,-100,-100,-99.0,-99,Varstrometry / Optical Imaging,-99,Hwang+2020,2020ApJ...888...73H,https://doi.org/10.3847/1538-4357/ab5c1a,,,
024634.09-082536.1,-99,-99.0,-99,-99,-99,2:46:34.11,-8:25:36.20,41.642115732826355,-8.426722058742689,2:46:34.11,-8:25:36.20,41.642115732826355,-8.426722058742689,J2000,Optical,GAIA DR2 Barycenter Coordinates,Dual AGN Candidate,-100,-100,-100,-100,-100,-100,-99.0,-99,Varstrometry / Optical Imaging,-99,Hwang+2020,2020ApJ...888...73H,https://doi.org/10.3847/1538-4357/ab5c1a,,,
091402.90+084121.6,-99,-99.0,-99,-99,-99,9:14:02.90,8:41:21.71,138.51208138760626,8.68936409386647,9:14:02.90,8:41:21.71,138.51208138760626,8.68936409386647,J2000,Optical,GAIA DR2 Barycenter Coordinates,Dual AGN Candidate,-100,-100,-100,-100,-100,-100,-99.0,-99,Varstrometry / Optical Imaging,-99,Hwang+2020,2020ApJ...888...73H,https://doi.org/10.3847/1538-4357/ab5c1a,,,
102806.07+502126.1,-99,-99.0,-99,-99,-99,10:28:06.08,50:21:26.05,157.0253344642481,50.357237309470406,10:28:06.08,50:21:26.05,157.0253344642481,50.357237309470406,J2000,Optical,GAIA DR2 Barycenter Coordinates,Dual AGN Candidate,-100,-100,-100,-100,-100,-100,-99.0,-99,Varstrometry / Optical Imaging,-99,Hwang+2020,2020ApJ...888...73H,https://doi.org/10.3847/1538-4357/ab5c1a,,,
114734.05+411928.4,-99,-99.0,-99,-99,-99,11:47:34.06,41:19:28.34,176.8918970680811,41.32453769478067,11:47:34.06,41:19:28.34,176.8918970680811,41.32453769478067,J2000,Optical,GAIA DR2 Barycenter Coordinates,Dual AGN Candidate,-100,-100,-100,-100,-100,-100,-99.0,-99,Varstrometry / Optical Imaging,-99,Hwang+2020,2020ApJ...888...73H,https://doi.org/10.3847/1538-4357/ab5c1a,,,
123204.05+375855.8,-99,-99.0,-99,-99,-99,12:32:04.06,37:58:55.70,188.01691412039693,37.982139718725385,12:32:04.06,37:58:55.70,188.01691412039693,37.982139718725385,J2000,Optical,GAIA DR2 Barycenter Coordinates,Dual AGN Candidate,-100,-100,-100,-100,-100,-100,-99.0,-99,Varstrometry / Optical Imaging,-99,Hwang+2020,2020ApJ...888...73H,https://doi.org/10.3847/1538-4357/ab5c1a,,,
132128.67+541855.5,-99,-99.0,-99,-99,-99,13:21:28.66,54:18:55.59,200.3694086447882,54.31544109151879,13:21:28.66,54:18:55.59,200.3694086447882,54.31544109151879,J2000,Optical,GAIA DR2 Barycenter Coordinates,Dual AGN Candidate,-100,-100,-100,-100,-100,-100,-99.0,-99,Varstrometry / Optical Imaging,-99,Hwang+2020,2020ApJ...888...73H,https://doi.org/10.3847/1538-4357/ab5c1a,,,
132128.67+541855.5,-99,-99.0,-99,-99,-99,13:21:28.75,54:18:55.43,200.36978656672673,54.3153968032061,13:21:28.75,54:18:55.43,200.36978656672673,54.3153968032061,J2000,Optical,GAIA DR2 Barycenter Coordinates,Dual AGN Candidate,-100,-100,-100,-100,-100,-100,-99.0,-99,Varstrometry / Optical Imaging,-99,Hwang+2020,2020ApJ...888...73H,https://doi.org/10.3847/1538-4357/ab5c1a,,,
144432.35+602939.4,-99,-99.0,-99,-99,-99,14:44:32.34,60:29:39.58,221.13473178503824,60.49432884260325,14:44:32.34,60:29:39.58,221.13473178503824,60.49432884260325,J2000,Optical,GAIA DR2 Barycenter Coordinates,Dual AGN Candidate,-100,-100,-100,-100,-100,-100,-99.0,-99,Varstrometry / Optical Imaging,-99,Hwang+2020,2020ApJ...888...73H,https://doi.org/10.3847/1538-4357/ab5c1a,,,
144432.35+602939.4,-99,-99.0,-99,-99,-99,14:44:32.42,60:29:39.04,221.13508710682441,60.494176425518326,14:44:32.42,60:29:39.04,221.13508710682441,60.494176425518326,J2000,Optical,GAIA DR2 Barycenter Coordinates,Dual AGN Candidate,-100,-100,-100,-100,-100,-100,-99.0,-99,Varstrometry / Optical Imaging,-99,Hwang+2020,2020ApJ...888...73H,https://doi.org/10.3847/1538-4357/ab5c1a,,,
151651.32+064105.5,-99,-99.0,-99,-99,-99,15:16:51.33,6:41:05.52,229.21388692007622,6.684867915513083,15:16:51.33,6:41:05.52,229.21388692007622,6.684867915513083,J2000,Optical,GAIA DR2 Barycenter Coordinates,Dual AGN Candidate,-100,-100,-100,-100,-100,-100,-99.0,-99,Varstrometry / Optical Imaging,-99,Hwang+2020,2020ApJ...888...73H,https://doi.org/10.3847/1538-4357/ab5c1a,,,
153320.05+442156.8,-99,-99.0,-99,-99,-99,15:33:20.06,44:21:56.93,233.33356954838862,44.36581427084707,15:33:20.06,44:21:56.93,233.33356954838862,44.36581427084707,J2000,Optical,GAIA DR2 Barycenter Coordinates,Dual AGN Candidate,-100,-100,-100,-100,-100,-100,-99.0,-99,Varstrometry / Optical Imaging,-99,Hwang+2020,2020ApJ...888...73H,https://doi.org/10.3847/1538-4357/ab5c1a,,,
165043.44+425149.3,-99,-99.0,-99,-99,-99,16:50:43.47,42:51:48.21,252.68110564324334,42.863392884742524,16:50:43.47,42:51:48.21,252.68110564324334,42.863392884742524,J2000,Optical,GAIA DR2 Barycenter Coordinates,Dual AGN Candidate,-100,-100,-100,-100,-100,-100,-99.0,-99,Varstrometry / Optical Imaging,-99,Hwang+2020,2020ApJ...888...73H,https://doi.org/10.3847/1538-4357/ab5c1a,,,
165043.44+425149.3,-99,-99.0,-99,-99,-99,16:50:43.45,42:51:49.38,252.6810232803265,42.863715328688606,16:50:43.45,42:51:49.38,252.6810232803265,42.863715328688606,J2000,Optical,GAIA DR2 Barycenter Coordinates,Dual AGN Candidate,-100,-100,-100,-100,-100,-100,-99.0,-99,Varstrometry / Optical Imaging,-99,Hwang+2020,2020ApJ...888...73H,https://doi.org/10.3847/1538-4357/ab5c1a,,,
212315.32+095050.6,-99,-99.0,-99,-99,-99,21:23:15.31,9:50:50.30,320.81378485773655,9.847305424439579,21:23:15.31,9:50:50.30,320.81378485773655,9.847305424439579,J2000,Optical,GAIA DR2 Barycenter Coordinates,Dual AGN Candidate,-100,-100,-100,-100,-100,-100,-99.0,-99,Varstrometry / Optical Imaging,-99,Hwang+2020,2020ApJ...888...73H,https://doi.org/10.3847/1538-4357/ab5c1a,,,
212315.32+095050.6,-99,-99.0,-99,-99,-99,21:23:15.35,9:50:50.91,320.813944079721,9.84747621140382,21:23:15.35,9:50:50.91,320.813944079721,9.84747621140382,J2000,Optical,GAIA DR2 Barycenter Coordinates,Dual AGN Candidate,-100,-100,-100,-100,-100,-100,-99.0,-99,Varstrometry / Optical Imaging,-99,Hwang+2020,2020ApJ...888...73H,https://doi.org/10.3847/1538-4357/ab5c1a,,,
223412.95-011309.6,-99,-99.0,-99,-99,-99,22:34:12.96,-1:13:09.59,338.5540087208832,-1.2193302320722432,22:34:12.96,-1:13:09.59,338.5540087208832,-1.2193302320722432,J2000,Optical,GAIA DR2 Barycenter Coordinates,Dual AGN Candidate,-100,-100,-100,-100,-100,-100,-99.0,-99,Varstrometry / Optical Imaging,-99,Hwang+2020,2020ApJ...888...73H,https://doi.org/10.3847/1538-4357/ab5c1a,,,
223558.48-092811.7,-99,-99.0,-99,-99,-99,22:35:58.48,-9:28:11.69,338.9936861973521,-9.469912812217792,22:35:58.48,-9:28:11.69,338.9936861973521,-9.469912812217792,J2000,Optical,GAIA DR2 Barycenter Coordinates,Dual AGN Candidate,-100,-100,-100,-100,-100,-100,-99.0,-99,Varstrometry / Optical Imaging,-99,Hwang+2020,2020ApJ...888...73H,https://doi.org/10.3847/1538-4357/ab5c1a,,,
003250.12-105357.6,-99,-99.0,-99,-99,-99,0:32:50.14,-10:53:57.69,8.20890136476646,-10.89935725191728,0:32:50.14,-10:53:57.69,8.20890136476646,-10.89935725191728,J2000,Optical,GAIA DR2 Barycenter Coordinates,Dual AGN Candidate,-100,-100,-100,-100,-100,-100,-99.0,-99,Varstrometry / Optical Imaging,-99,Hwang+2020,2020ApJ...888...73H,https://doi.org/10.3847/1538-4357/ab5c1a,,,
003250.12-105357.6,-99,-99.0,-99,-99,-99,0:32:50.09,-10:53:57.58,8.208712904860283,-10.899328254446988,0:32:50.09,-10:53:57.58,8.208712904860283,-10.899328254446988,J2000,Optical,GAIA DR2 Barycenter Coordinates,Dual AGN Candidate,-100,-100,-100,-100,-100,-100,-99.0,-99,Varstrometry / Optical Imaging,-99,Hwang+2020,2020ApJ...888...73H,https://doi.org/10.3847/1538-4357/ab5c1a,,,
022404.85+014941.9,-99,-99.0,-99,-99,-99,2:24:04.84,1:49:42.00,36.02016279122329,1.8283337240081055,2:24:04.84,1:49:42.00,36.02016279122329,1.8283337240081055,J2000,Optical,GAIA DR2 Barycenter Coordinates,Dual AGN Candidate,-100,-100,-100,-100,-100,-100,-99.0,-99,Varstrometry / Optical Imaging,-99,Hwang+2020,2020ApJ...888...73H,https://doi.org/10.3847/1538-4357/ab5c1a,,,
022723.99-010623.4,-99,-99.0,-99,-99,-99,2:27:24.01,-1:06:23.65,36.850034928819255,-1.1065687711985224,2:27:24.01,-1:06:23.65,36.850034928819255,-1.1065687711985224,J2000,Optical,GAIA DR2 Barycenter Coordinates,Dual AGN Candidate,-100,-100,-100,-100,-100,-100,-99.0,-99,Varstrometry / Optical Imaging,-99,Hwang+2020,2020ApJ...888...73H,https://doi.org/10.3847/1538-4357/ab5c1a,,,
074817.13+191003.0,-99,-99.0,-99,-99,-99,7:48:17.13,19:10:03.06,117.0713915765618,19.167516622238818,7:48:17.13,19:10:03.06,117.0713915765618,19.167516622238818,J2000,Optical,GAIA DR2 Barycenter Coordinates,Dual AGN Candidate,-100,-100,-100,-100,-100,-100,-99.0,-99,Varstrometry / Optical Imaging,-99,Hwang+2020,2020ApJ...888...73H,https://doi.org/10.3847/1538-4357/ab5c1a,,,
075824.27+145752.4,-99,-99.0,-99,-99,-99,7:58:24.26,14:57:52.44,119.60109938056364,14.96456711928158,7:58:24.26,14:57:52.44,119.60109938056364,14.96456711928158,J2000,Optical,GAIA DR2 Barycenter Coordinates,Dual AGN Candidate,-100,-100,-100,-100,-100,-100,-99.0,-99,Varstrometry / Optical Imaging,-99,Hwang+2020,2020ApJ...888...73H,https://doi.org/10.3847/1538-4357/ab5c1a,,,
082155.98+340412.9,-99,-99.0,-99,-99,-99,8:21:55.98,34:04:12.90,125.48325872429862,34.07025102544137,8:21:55.98,34:04:12.90,125.48325872429862,34.07025102544137,J2000,Optical,GAIA DR2 Barycenter Coordinates,Dual AGN Candidate,-100,-100,-100,-100,-100,-100,-99.0,-99,Varstrometry / Optical Imaging,-99,Hwang+2020,2020ApJ...888...73H,https://doi.org/10.3847/1538-4357/ab5c1a,,,
082155.98+340412.9,-99,-99.0,-99,-99,-99,8:21:55.90,34:04:12.83,125.48293422916454,34.07023015496167,8:21:55.90,34:04:12.83,125.48293422916454,34.07023015496167,J2000,Optical,GAIA DR2 Barycenter Coordinates,Dual AGN Candidate,-100,-100,-100,-100,-100,-100,-99.0,-99,Varstrometry / Optical Imaging,-99,Hwang+2020,2020ApJ...888...73H,https://doi.org/10.3847/1538-4357/ab5c1a,,,
083956.37+433248.6,-99,-99.0,-99,-99,-99,8:39:56.38,43:32:48.61,129.98492864837363,43.54683719167052,8:39:56.38,43:32:48.61,129.98492864837363,43.54683719167052,J2000,Optical,GAIA DR2 Barycenter Coordinates,Dual AGN Candidate,-100,-100,-100,-100,-100,-100,-99.0,-99,Varstrometry / Optical Imaging,-99,Hwang+2020,2020ApJ...888...73H,https://doi.org/10.3847/1538-4357/ab5c1a,,,
085122.37+472249.0,-99,-99.0,-99,-99,-99,8:51:22.33,47:22:49.81,132.8430368651015,47.3805020116612,8:51:22.33,47:22:49.81,132.8430368651015,47.3805020116612,J2000,Optical,GAIA DR2 Barycenter Coordinates,Dual AGN Candidate,-100,-100,-100,-100,-100,-100,-99.0,-99,Varstrometry / Optical Imaging,-99,Hwang+2020,2020ApJ...888...73H,https://doi.org/10.3847/1538-4357/ab5c1a,,,
085122.37+472249.0,-99,-99.0,-99,-99,-99,8:51:22.40,47:22:48.64,132.84332838966546,47.380178384718754,8:51:22.40,47:22:48.64,132.84332838966546,47.380178384718754,J2000,Optical,GAIA DR2 Barycenter Coordinates,Dual AGN Candidate,-100,-100,-100,-100,-100,-100,-99.0,-99,Varstrometry / Optical Imaging,-99,Hwang+2020,2020ApJ...888...73H,https://doi.org/10.3847/1538-4357/ab5c1a,,,
091127.61+055054.1,-99,-99.0,-99,-99,-99,9:11:27.62,5:50:54.84,137.8650625206142,5.848566143095022,9:11:27.62,5:50:54.84,137.8650625206142,5.848566143095022,J2000,Optical,GAIA DR2 Barycenter Coordinates,Dual AGN Candidate,-100,-100,-100,-100,-100,-100,-99.0,-99,Varstrometry / Optical Imaging,-99,Hwang+2020,2020ApJ...888...73H,https://doi.org/10.3847/1538-4357/ab5c1a,,,
091127.61+055054.1,-99,-99.0,-99,-99,-99,9:11:27.63,5:50:54.28,137.86513579392255,5.848409993696288,9:11:27.63,5:50:54.28,137.86513579392255,5.848409993696288,J2000,Optical,GAIA DR2 Barycenter Coordinates,Dual AGN Candidate,-100,-100,-100,-100,-100,-100,-99.0,-99,Varstrometry / Optical Imaging,-99,Hwang+2020,2020ApJ...888...73H,https://doi.org/10.3847/1538-4357/ab5c1a,,,
121044.84+452730.2,-99,-99.0,-99,-99,-99,12:10:44.86,45:27:30.14,182.68691512468558,45.45837116851259,12:10:44.86,45:27:30.14,182.68691512468558,45.45837116851259,J2000,Optical,GAIA DR2 Barycenter Coordinates,Dual AGN Candidate,-100,-100,-100,-100,-100,-100,-99.0,-99,Varstrometry / Optical Imaging,-99,Hwang+2020,2020ApJ...888...73H,https://doi.org/10.3847/1538-4357/ab5c1a,,,
121044.84+452730.2,-99,-99.0,-99,-99,-99,12:10:44.82,45:27:30.21,182.6867505735253,45.45839073930807,12:10:44.82,45:27:30.21,182.6867505735253,45.45839073930807,J2000,Optical,GAIA DR2 Barycenter Coordinates,Dual AGN Candidate,-100,-100,-100,-100,-100,-100,-99.0,-99,Varstrometry / Optical Imaging,-99,Hwang+2020,2020ApJ...888...73H,https://doi.org/10.3847/1538-4357/ab5c1a,,,
133243.66+343300.6,-99,-99.0,-99,-99,-99,13:32:43.62,34:33:00.85,203.18173257156747,34.550236120545854,13:32:43.62,34:33:00.85,203.18173257156747,34.550236120545854,J2000,Optical,GAIA DR2 Barycenter Coordinates,Dual AGN Candidate,-100,-100,-100,-100,-100,-100,-99.0,-99,Varstrometry / Optical Imaging,-99,Hwang+2020,2020ApJ...888...73H,https://doi.org/10.3847/1538-4357/ab5c1a,,,
133243.66+343300.6,-99,-99.0,-99,-99,-99,13:32:43.68,34:33:00.26,203.182008028999,34.550073180691726,13:32:43.68,34:33:00.26,203.182008028999,34.550073180691726,J2000,Optical,GAIA DR2 Barycenter Coordinates,Dual AGN Candidate,-100,-100,-100,-100,-100,-100,-99.0,-99,Varstrometry / Optical Imaging,-99,Hwang+2020,2020ApJ...888...73H,https://doi.org/10.3847/1538-4357/ab5c1a,,,
141803.88+183532.4,-99,-99.0,-99,-99,-99,14:18:03.87,18:35:32.26,214.51614364783444,18.592294508102444,14:18:03.87,18:35:32.26,214.51614364783444,18.592294508102444,J2000,Optical,GAIA DR2 Barycenter Coordinates,Dual AGN Candidate,-100,-100,-100,-100,-100,-100,-99.0,-99,Varstrometry / Optical Imaging,-99,Hwang+2020,2020ApJ...888...73H,https://doi.org/10.3847/1538-4357/ab5c1a,,,
150324.78+475829.7,-99,-99.0,-99,-99,-99,15:03:24.79,47:58:29.82,225.85327225117248,47.97495113087378,15:03:24.79,47:58:29.82,225.85327225117248,47.97495113087378,J2000,Optical,GAIA DR2 Barycenter Coordinates,Dual AGN Candidate,-100,-100,-100,-100,-100,-100,-99.0,-99,Varstrometry / Optical Imaging,-99,Hwang+2020,2020ApJ...888...73H,https://doi.org/10.3847/1538-4357/ab5c1a,,,
151020.42+153115.1,-99,-99.0,-99,-99,-99,15:10:20.43,15:31:15.13,227.58511015140468,15.520870665030847,15:10:20.43,15:31:15.13,227.58511015140468,15.520870665030847,J2000,Optical,GAIA DR2 Barycenter Coordinates,Dual AGN Candidate,-100,-100,-100,-100,-100,-100,-99.0,-99,Varstrometry / Optical Imaging,-99,Hwang+2020,2020ApJ...888...73H,https://doi.org/10.3847/1538-4357/ab5c1a,,,
151623.88+310336.2,-99,-99.0,-99,-99,-99,15:16:23.87,31:03:36.34,229.09947298247425,31.060095739621143,15:16:23.87,31:03:36.34,229.09947298247425,31.060095739621143,J2000,Optical,GAIA DR2 Barycenter Coordinates,Dual AGN Candidate,-100,-100,-100,-100,-100,-100,-99.0,-99,Varstrometry / Optical Imaging,-99,Hwang+2020,2020ApJ...888...73H,https://doi.org/10.3847/1538-4357/ab5c1a,,,
151623.88+310336.2,-99,-99.0,-99,-99,-99,15:16:23.95,31:03:36.28,229.09978113501066,31.060076919165848,15:16:23.95,31:03:36.28,229.09978113501066,31.060076919165848,J2000,Optical,GAIA DR2 Barycenter Coordinates,Dual AGN Candidate,-100,-100,-100,-100,-100,-100,-99.0,-99,Varstrometry / Optical Imaging,-99,Hwang+2020,2020ApJ...888...73H,https://doi.org/10.3847/1538-4357/ab5c1a,,,
153646.86+383035.6,-99,-99.0,-99,-99,-99,15:36:46.84,38:30:35.08,234.19514960422714,38.50974338191406,15:36:46.84,38:30:35.08,234.19514960422714,38.50974338191406,J2000,Optical,GAIA DR2 Barycenter Coordinates,Dual AGN Candidate,-100,-100,-100,-100,-100,-100,-99.0,-99,Varstrometry / Optical Imaging,-99,Hwang+2020,2020ApJ...888...73H,https://doi.org/10.3847/1538-4357/ab5c1a,,,
153646.86+383035.6,-99,-99.0,-99,-99,-99,15:36:46.87,38:30:35.99,234.19529622898867,38.50999594554391,15:36:46.87,38:30:35.99,234.19529622898867,38.50999594554391,J2000,Optical,GAIA DR2 Barycenter Coordinates,Dual AGN Candidate,-100,-100,-100,-100,-100,-100,-99.0,-99,Varstrometry / Optical Imaging,-99,Hwang+2020,2020ApJ...888...73H,https://doi.org/10.3847/1538-4357/ab5c1a,,,
154817.88+044101.4,-99,-99.0,-99,-99,-99,15:48:17.85,4:41:01.16,237.0743618869059,4.683655918456542,15:48:17.85,4:41:01.16,237.0743618869059,4.683655918456542,J2000,Optical,GAIA DR2 Barycenter Coordinates,Dual AGN Candidate,-100,-100,-100,-100,-100,-100,-99.0,-99,Varstrometry / Optical Imaging,-99,Hwang+2020,2020ApJ...888...73H,https://doi.org/10.3847/1538-4357/ab5c1a,,,
154817.88+044101.4,-99,-99.0,-99,-99,-99,15:48:17.91,4:41:01.60,237.0746243522385,4.683778790653073,15:48:17.91,4:41:01.60,237.0746243522385,4.683778790653073,J2000,Optical,GAIA DR2 Barycenter Coordinates,Dual AGN Candidate,-100,-100,-100,-100,-100,-100,-99.0,-99,Varstrometry / Optical Imaging,-99,Hwang+2020,2020ApJ...888...73H,https://doi.org/10.3847/1538-4357/ab5c1a,,,
155259.18+230104.9,-99,-99.0,-99,-99,-99,15:52:59.22,23:01:04.93,238.24675652065955,23.018036554029997,15:52:59.22,23:01:04.93,238.24675652065955,23.018036554029997,J2000,Optical,GAIA DR2 Barycenter Coordinates,Dual AGN Candidate,-100,-100,-100,-100,-100,-100,-99.0,-99,Varstrometry / Optical Imaging,-99,Hwang+2020,2020ApJ...888...73H,https://doi.org/10.3847/1538-4357/ab5c1a,,,
155259.18+230104.9,-99,-99.0,-99,-99,-99,15:52:59.17,23:01:04.98,238.24653012625012,23.018049739524532,15:52:59.17,23:01:04.98,238.24653012625012,23.018049739524532,J2000,Optical,GAIA DR2 Barycenter Coordinates,Dual AGN Candidate,-100,-100,-100,-100,-100,-100,-99.0,-99,Varstrometry / Optical Imaging,-99,Hwang+2020,2020ApJ...888...73H,https://doi.org/10.3847/1538-4357/ab5c1a,,,
172308.15+524455.5,-99,-99.0,-99,-99,-99,17:23:08.16,52:44:55.20,260.78401847086116,52.74866790052677,17:23:08.16,52:44:55.20,260.78401847086116,52.74866790052677,J2000,Optical,GAIA DR2 Barycenter Coordinates,Dual AGN Candidate,-100,-100,-100,-100,-100,-100,-99.0,-99,Varstrometry / Optical Imaging,-99,Hwang+2020,2020ApJ...888...73H,https://doi.org/10.3847/1538-4357/ab5c1a,,,
172308.15+524455.5,-99,-99.0,-99,-99,-99,17:23:08.09,52:44:56.06,260.7837051365824,52.74890673087439,17:23:08.09,52:44:56.06,260.7837051365824,52.74890673087439,J2000,Optical,GAIA DR2 Barycenter Coordinates,Dual AGN Candidate,-100,-100,-100,-100,-100,-100,-99.0,-99,Varstrometry / Optical Imaging,-99,Hwang+2020,2020ApJ...888...73H,https://doi.org/10.3847/1538-4357/ab5c1a,,,
J0038-2120,-99,0.338,-99,-99,-99,00:38:29.9547,-21:20:04.023,9.624811249999999,-21.33445083333333,00:38:29.9547,-21:20:04.023,9.624811249999999,-21.33445083333333,J2000,Radio,ICRF,Dual AGN Candidate / Binary AGN Candidate,-100,-100,-100,-100,-100,-100,0.225,-99,Radio-Optical Positional Offsets / Radio Imaging / Optical Imaging,-99,Orosz+2013,2013A&A...553A..13O,https://doi.org/10.1051/0004-6361/201321279,,00:38:29.9547,-21:20:04.023
J0041+1339,-99,,-99,-99,-99,00:41:17.2110,13:39:27.527,10.321712499999999,13.657646388888889,00:41:17.2110,13:39:27.527,10.321712499999999,13.657646388888889,J2000,Radio,ICRF,Dual AGN Candidate / Binary AGN Candidate,-100,-100,-100,-100,-100,-100,0.34800000000000003,-99,Radio-Optical Positional Offsets / Radio Imaging / Optical Imaging,-99,Orosz+2013,2013A&A...553A..13O,https://doi.org/10.1051/0004-6361/201321279,,00:41:17.2110,13:39:27.527
J0106+3402,-99,0.579,-99,-99,-99,01:06:00.2934,34:02:02.988,16.5012225,34.03416333333333,01:06:00.2934,34:02:02.988,16.5012225,34.03416333333333,J2000,Radio,ICRF,Dual AGN Candidate / Binary AGN Candidate,-100,-100,-100,-100,-100,-100,0.431,-99,Radio-Optical Positional Offsets / Radio Imaging / Optical Imaging,-99,Orosz+2013,2013A&A...553A..13O,https://doi.org/10.1051/0004-6361/201321279,,01:06:00.2934,34:02:02.988
J0106+2539,-99,0.199,-99,-99,-99,01:06:10.9690,25:39:30.496,16.545704166666667,25.65847111111111,01:06:10.9690,25:39:30.496,16.545704166666667,25.65847111111111,J2000,Radio,ICRF,Dual AGN Candidate / Binary AGN Candidate,-100,-100,-100,-100,-100,-100,0.353,-99,Radio-Optical Positional Offsets / Radio Imaging / Optical Imaging,-99,Orosz+2013,2013A&A...553A..13O,https://doi.org/10.1051/0004-6361/201321279,,01:06:10.9690,25:39:30.496
J0106-0315,-99,,-99,-99,-99,01:06:43.2287,-03:15:36.296,16.680119583333333,-3.260082222222222,01:06:43.2287,-03:15:36.296,16.680119583333333,-3.260082222222222,J2000,Radio,ICRF,Dual AGN Candidate / Binary AGN Candidate,-100,-100,-100,-100,-100,-100,0.20700000000000002,-99,Radio-Optical Positional Offsets / Radio Imaging / Optical Imaging,-99,Orosz+2013,2013A&A...553A..13O,https://doi.org/10.1051/0004-6361/201321279,,01:06:43.2287,-03:15:36.296
J0146+2110,-99,,-99,-99,-99,01:46:58.7839,21:10:24.381,26.744932916666663,21.173439166666668,01:46:58.7839,21:10:24.381,26.744932916666663,21.173439166666668,J2000,Radio,ICRF,Dual AGN Candidate / Binary AGN Candidate,-100,-100,-100,-100,-100,-100,0.277,-99,Radio-Optical Positional Offsets / Radio Imaging / Optical Imaging,-99,Orosz+2013,2013A&A...553A..13O,https://doi.org/10.1051/0004-6361/201321279,,01:46:58.7839,21:10:24.381
J0216-0118,-99,,-99,-99,-99,02:16:05.6638,-01:18:03.397,34.02359916666666,-1.3009436111111112,02:16:05.6638,-01:18:03.397,34.02359916666666,-1.3009436111111112,J2000,Radio,ICRF,Dual AGN Candidate / Binary AGN Candidate,-100,-100,-100,-100,-100,-100,0.193,-99,Radio-Optical Positional Offsets / Radio Imaging / Optical Imaging,-99,Orosz+2013,2013A&A...553A..13O,https://doi.org/10.1051/0004-6361/201321279,,02:16:05.6638,-01:18:03.397
J0216-0105,-99,1.492,-99,-99,-99,02:16:12.2119,-01:05:18.826,34.05088291666666,-1.0885627777777778,02:16:12.2119,-01:05:18.826,34.05088291666666,-1.0885627777777778,J2000,Radio,ICRF,Dual AGN Candidate / Binary AGN Candidate,-100,-100,-100,-100,-100,-100,0.179,-99,Radio-Optical Positional Offsets / Radio Imaging / Optical Imaging,-99,Orosz+2013,2013A&A...553A..13O,https://doi.org/10.1051/0004-6361/201321279,,02:16:12.2119,-01:05:18.826
J0334+0800,-99,1.982,-99,-99,-99,03:34:53.3167,08:00:14.419,53.72215291666665,8.004005277777777,03:34:53.3167,08:00:14.419,53.72215291666665,8.004005277777777,J2000,Radio,ICRF,Dual AGN Candidate / Binary AGN Candidate,-100,-100,-100,-100,-100,-100,0.272,-99,Radio-Optical Positional Offsets / Radio Imaging / Optical Imaging,-99,Orosz+2013,2013A&A...553A..13O,https://doi.org/10.1051/0004-6361/201321279,,03:34:53.3167,08:00:14.419
J0335-0709,-99,,-99,-99,-99,03:35:57.0552,-07:09:55.854,53.98773,-7.165515,03:35:57.0552,-07:09:55.854,53.98773,-7.165515,J2000,Radio,ICRF,Dual AGN Candidate / Binary AGN Candidate,-100,-100,-100,-100,-100,-100,0.34700000000000003,-99,Radio-Optical Positional Offsets / Radio Imaging / Optical Imaging,-99,Orosz+2013,2013A&A...553A..13O,https://doi.org/10.1051/0004-6361/201321279,,03:35:57.0552,-07:09:55.854
J0431+2037,-99,0.219,-99,-99,-99,04:31:03.7614,20:37:34.265,67.7656725,20.626184722222224,04:31:03.7614,20:37:34.265,67.7656725,20.626184722222224,J2000,Radio,ICRF,Dual AGN Candidate / Binary AGN Candidate,-100,-100,-100,-100,-100,-100,0.203,-99,Radio-Optical Positional Offsets / Radio Imaging / Optical Imaging,-99,Orosz+2013,2013A&A...553A..13O,https://doi.org/10.1051/0004-6361/201321279,,04:31:03.7614,20:37:34.265
J0435+2532,-99,,-99,-99,-99,04:35:34.5829,25:32:59.697,68.89409541666666,25.549915833333333,04:35:34.5829,25:32:59.697,68.89409541666666,25.549915833333333,J2000,Radio,ICRF,Dual AGN Candidate / Binary AGN Candidate,-100,-100,-100,-100,-100,-100,0.249,-99,Radio-Optical Positional Offsets / Radio Imaging / Optical Imaging,-99,Orosz+2013,2013A&A...553A..13O,https://doi.org/10.1051/0004-6361/201321279,,04:35:34.5829,25:32:59.697
J0523+6007,-99,,-99,-99,-99,05:23:11.0082,60:07:45.720,80.7958675,60.12936666666667,05:23:11.0082,60:07:45.720,80.7958675,60.12936666666667,J2000,Radio,ICRF,Dual AGN Candidate / Binary AGN Candidate,-100,-100,-100,-100,-100,-100,0.194,-99,Radio-Optical Positional Offsets / Radio Imaging / Optical Imaging,-99,Orosz+2013,2013A&A...553A..13O,https://doi.org/10.1051/0004-6361/201321279,,05:23:11.0082,60:07:45.720
J0552+0313,-99,,-99,-99,-99,05:52:50.1015,03:13:27.243,88.20875625,3.2242341666666667,05:52:50.1015,03:13:27.243,88.20875625,3.2242341666666667,J2000,Radio,ICRF,Dual AGN Candidate / Binary AGN Candidate,-100,-100,-100,-100,-100,-100,0.281,-99,Radio-Optical Positional Offsets / Radio Imaging / Optical Imaging,-99,Orosz+2013,2013A&A...553A..13O,https://doi.org/10.1051/0004-6361/201321279,,05:52:50.1015,03:13:27.243
J0644+2911,-99,,-99,-99,-99,06:44:44.8158,29:11:04.018,101.18673249999999,29.184449444444446,06:44:44.8158,29:11:04.018,101.18673249999999,29.184449444444446,J2000,Radio,ICRF,Dual AGN Candidate / Binary AGN Candidate,-100,-100,-100,-100,-100,-100,0.264,-99,Radio-Optical Positional Offsets / Radio Imaging / Optical Imaging,-99,Orosz+2013,2013A&A...553A..13O,https://doi.org/10.1051/0004-6361/201321279,,06:44:44.8158,29:11:04.018
J0729-1320,-99,,-99,-99,-99,07:29:17.8177,-13:20:02.272,112.32424041666665,-13.333964444444446,07:29:17.8177,-13:20:02.272,112.32424041666665,-13.333964444444446,J2000,Radio,ICRF,Dual AGN Candidate / Binary AGN Candidate,-100,-100,-100,-100,-100,-100,0.448,-99,Radio-Optical Positional Offsets / Radio Imaging / Optical Imaging,-99,Orosz+2013,2013A&A...553A..13O,https://doi.org/10.1051/0004-6361/201321279,,07:29:17.8177,-13:20:02.272
J0736+2954,-99,,-99,-99,-99,07:36:13.6611,29:54:22.186,114.05692124999997,29.906162777777777,07:36:13.6611,29:54:22.186,114.05692124999997,29.906162777777777,J2000,Radio,ICRF,Dual AGN Candidate / Binary AGN Candidate,-100,-100,-100,-100,-100,-100,0.192,-99,Radio-Optical Positional Offsets / Radio Imaging / Optical Imaging,-99,Orosz+2013,2013A&A...553A..13O,https://doi.org/10.1051/0004-6361/201321279,,07:36:13.6611,29:54:22.186
J0817+3227,-99,,-99,-99,-99,08:17:28.5423,32:27:02.926,124.36892624999999,32.45081277777778,08:17:28.5423,32:27:02.926,124.36892624999999,32.45081277777778,J2000,Radio,ICRF,Dual AGN Candidate / Binary AGN Candidate,-100,-100,-100,-100,-100,-100,0.226,-99,Radio-Optical Positional Offsets / Radio Imaging / Optical Imaging,-99,Orosz+2013,2013A&A...553A..13O,https://doi.org/10.1051/0004-6361/201321279,,08:17:28.5423,32:27:02.926
J0843+4537,-99,0.192,-99,-99,-99,08:43:07.0942,45:37:42.897,130.77955916666667,45.6285825,08:43:07.0942,45:37:42.897,130.77955916666667,45.6285825,J2000,Radio,ICRF,Dual AGN Candidate / Binary AGN Candidate,-100,-100,-100,-100,-100,-100,0.177,-99,Radio-Optical Positional Offsets / Radio Imaging / Optical Imaging,-99,Orosz+2013,2013A&A...553A..13O,https://doi.org/10.1051/0004-6361/201321279,,08:43:07.0942,45:37:42.897
J0854+6218,-99,0.267,-99,-99,-99,08:54:50.5763,62:18:50.191,133.7107345833333,62.313941944444444,08:54:50.5763,62:18:50.191,133.7107345833333,62.313941944444444,J2000,Radio,ICRF,Dual AGN Candidate / Binary AGN Candidate,-100,-100,-100,-100,-100,-100,0.176,-99,Radio-Optical Positional Offsets / Radio Imaging / Optical Imaging,-99,Orosz+2013,2013A&A...553A..13O,https://doi.org/10.1051/0004-6361/201321279,,08:54:50.5763,62:18:50.191
J0902+4310,-99,2.41,-99,-99,-99,09:02:30.9200,43:10:14.166,135.62883333333332,43.17060166666666,09:02:30.9200,43:10:14.166,135.62883333333332,43.17060166666666,J2000,Radio,ICRF,Dual AGN Candidate / Binary AGN Candidate,-100,-100,-100,-100,-100,-100,0.228,-99,Radio-Optical Positional Offsets / Radio Imaging / Optical Imaging,-99,Orosz+2013,2013A&A...553A..13O,https://doi.org/10.1051/0004-6361/201321279,,09:02:30.9200,43:10:14.166
J1006+3454,-99,0.099,-99,-99,-99,10:06:01.7503,34:54:10.401,151.50729291666664,34.90288916666667,10:06:01.7503,34:54:10.401,151.50729291666664,34.90288916666667,J2000,Radio,ICRF,Dual AGN Candidate / Binary AGN Candidate,-100,-100,-100,-100,-100,-100,0.217,-99,Radio-Optical Positional Offsets / Radio Imaging / Optical Imaging,-99,Orosz+2013,2013A&A...553A..13O,https://doi.org/10.1051/0004-6361/201321279,,10:06:01.7503,34:54:10.401
J1022+4239,-99,0.991,-99,-99,-99,10:22:13.1323,42:39:25.612,155.55471791666665,42.657114444444446,10:22:13.1323,42:39:25.612,155.55471791666665,42.657114444444446,J2000,Radio,ICRF,Dual AGN Candidate / Binary AGN Candidate,-100,-100,-100,-100,-100,-100,0.26,-99,Radio-Optical Positional Offsets / Radio Imaging / Optical Imaging,-99,Orosz+2013,2013A&A...553A..13O,https://doi.org/10.1051/0004-6361/201321279,,10:22:13.1323,42:39:25.612
J1033+3935,-99,1.095,-99,-99,-99,10:33:22.0610,39:35:51.083,158.34192083333332,39.597523055555556,10:33:22.0610,39:35:51.083,158.34192083333332,39.597523055555556,J2000,Radio,ICRF,Dual AGN Candidate / Binary AGN Candidate,-100,-100,-100,-100,-100,-100,0.259,-99,Radio-Optical Positional Offsets / Radio Imaging / Optical Imaging,-99,Orosz+2013,2013A&A...553A..13O,https://doi.org/10.1051/0004-6361/201321279,,10:33:22.0610,39:35:51.083
J1150+4332,-99,3.037,-99,-99,-99,11:50:16.6027,43:32:05.906,177.56917791666666,43.534973888888885,11:50:16.6027,43:32:05.906,177.56917791666666,43.534973888888885,J2000,Radio,ICRF,Dual AGN Candidate / Binary AGN Candidate,-100,-100,-100,-100,-100,-100,0.202,-99,Radio-Optical Positional Offsets / Radio Imaging / Optical Imaging,-99,Orosz+2013,2013A&A...553A..13O,https://doi.org/10.1051/0004-6361/201321279,,11:50:16.6027,43:32:05.906
J1254+0859,-99,,-99,-99,-99,12:54:58.9577,08:59:47.549,193.7456570833333,8.996541388888888,12:54:58.9577,08:59:47.549,193.7456570833333,8.996541388888888,J2000,Radio,ICRF,Dual AGN Candidate / Binary AGN Candidate,-100,-100,-100,-100,-100,-100,0.23900000000000002,-99,Radio-Optical Positional Offsets / Radio Imaging / Optical Imaging,-99,Orosz+2013,2013A&A...553A..13O,https://doi.org/10.1051/0004-6361/201321279,,12:54:58.9577,08:59:47.549
J1301+4634,-99,0.206,-99,-99,-99,13:01:32.6063,46:34:02.940,195.38585958333334,46.567483333333335,13:01:32.6063,46:34:02.940,195.38585958333334,46.567483333333335,J2000,Radio,ICRF,Dual AGN Candidate / Binary AGN Candidate,-100,-100,-100,-100,-100,-100,0.202,-99,Radio-Optical Positional Offsets / Radio Imaging / Optical Imaging,-99,Orosz+2013,2013A&A...553A..13O,https://doi.org/10.1051/0004-6361/201321279,,13:01:32.6063,46:34:02.940
J1312+2531,-99,,-99,-99,-99,13:12:14.2889,25:31:13.175,198.0595370833333,25.520326388888886,13:12:14.2889,25:31:13.175,198.0595370833333,25.520326388888886,J2000,Radio,ICRF,Dual AGN Candidate / Binary AGN Candidate,-100,-100,-100,-100,-100,-100,0.336,-99,Radio-Optical Positional Offsets / Radio Imaging / Optical Imaging,-99,Orosz+2013,2013A&A...553A..13O,https://doi.org/10.1051/0004-6361/201321279,,13:12:14.2889,25:31:13.175
J1312+4828,-99,0.501,-99,-99,-99,13:12:43.3537,48:28:30.941,198.18064041666662,48.47526138888889,13:12:43.3537,48:28:30.941,198.18064041666662,48.47526138888889,J2000,Radio,ICRF,Dual AGN Candidate / Binary AGN Candidate,-100,-100,-100,-100,-100,-100,0.41100000000000003,-99,Radio-Optical Positional Offsets / Radio Imaging / Optical Imaging,-99,Orosz+2013,2013A&A...553A..13O,https://doi.org/10.1051/0004-6361/201321279,,13:12:43.3537,48:28:30.941
J1313+6735,-99,,-99,-99,-99,13:13:27.9863,67:35:50.382,198.36660958333331,67.59732833333332,13:13:27.9863,67:35:50.382,198.36660958333331,67.59732833333332,J2000,Radio,ICRF,Dual AGN Candidate / Binary AGN Candidate,-100,-100,-100,-100,-100,-100,0.439,-99,Radio-Optical Positional Offsets / Radio Imaging / Optical Imaging,-99,Orosz+2013,2013A&A...553A..13O,https://doi.org/10.1051/0004-6361/201321279,,13:13:27.9863,67:35:50.382
J1414+4554,-99,0.186,-99,-99,-99,14:14:14.8526,45:54:48.720,213.5618858333333,45.91353333333333,14:14:14.8526,45:54:48.720,213.5618858333333,45.91353333333333,J2000,Radio,ICRF,Dual AGN Candidate / Binary AGN Candidate,-100,-100,-100,-100,-100,-100,0.171,-99,Radio-Optical Positional Offsets / Radio Imaging / Optical Imaging,-99,Orosz+2013,2013A&A...553A..13O,https://doi.org/10.1051/0004-6361/201321279,,14:14:14.8526,45:54:48.720
J1440+0127,-99,,-99,-99,-99,14:40:33.6470,01:27:05.210,220.14019583333328,1.451447222222222,14:40:33.6470,01:27:05.210,220.14019583333328,1.451447222222222,J2000,Radio,ICRF,Dual AGN Candidate / Binary AGN Candidate,-100,-100,-100,-100,-100,-100,0.262,-99,Radio-Optical Positional Offsets / Radio Imaging / Optical Imaging,-99,Orosz+2013,2013A&A...553A..13O,https://doi.org/10.1051/0004-6361/201321279,,14:40:33.6470,01:27:05.210
J1451+1343,-99,,-99,-99,-99,14:51:31.4910,13:43:24.001,222.88121249999998,13.72333361111111,14:51:31.4910,13:43:24.001,222.88121249999998,13.72333361111111,J2000,Radio,ICRF,Dual AGN Candidate / Binary AGN Candidate,-100,-100,-100,-100,-100,-100,0.42,-99,Radio-Optical Positional Offsets / Radio Imaging / Optical Imaging,-99,Orosz+2013,2013A&A...553A..13O,https://doi.org/10.1051/0004-6361/201321279,,14:51:31.4910,13:43:24.001
J1456+5048,-99,0.48,-99,-99,-99,14:56:08.1197,50:48:36.300,224.03383208333332,50.81008333333333,14:56:08.1197,50:48:36.300,224.03383208333332,50.81008333333333,J2000,Radio,ICRF,Dual AGN Candidate / Binary AGN Candidate,-100,-100,-100,-100,-100,-100,0.228,-99,Radio-Optical Positional Offsets / Radio Imaging / Optical Imaging,-99,Orosz+2013,2013A&A...553A..13O,https://doi.org/10.1051/0004-6361/201321279,,14:56:08.1197,50:48:36.300
J1503+0917,-99,,-99,-99,-99,15:03:00.8995,09:17:58.983,225.75374791666667,9.2997175,15:03:00.8995,09:17:58.983,225.75374791666667,9.2997175,J2000,Radio,ICRF,Dual AGN Candidate / Binary AGN Candidate,-100,-100,-100,-100,-100,-100,0.291,-99,Radio-Optical Positional Offsets / Radio Imaging / Optical Imaging,-99,Orosz+2013,2013A&A...553A..13O,https://doi.org/10.1051/0004-6361/201321279,,15:03:00.8995,09:17:58.983
J1506+3730,-99,0.672,-99,-99,-99,15:06:09.5300,37:30:51.133,226.5397083333333,37.514203611111114,15:06:09.5300,37:30:51.133,226.5397083333333,37.514203611111114,J2000,Radio,ICRF,Dual AGN Candidate / Binary AGN Candidate,-100,-100,-100,-100,-100,-100,0.316,-99,Radio-Optical Positional Offsets / Radio Imaging / Optical Imaging,-99,Orosz+2013,2013A&A...553A..13O,https://doi.org/10.1051/0004-6361/201321279, Radio and optical offset could be  attirubuted to dust lane in galaxy.,15:06:09.5300,37:30:51.133
J1526-1351,-99,1.687,-99,-99,-99,15:26:59.4407,-13:51:00.164,231.7476695833333,-13.850045555555555,15:26:59.4407,-13:51:00.164,231.7476695833333,-13.850045555555555,J2000,Radio,ICRF,Dual AGN Candidate / Binary AGN Candidate,-100,-100,-100,-100,-100,-100,0.192,-99,Radio-Optical Positional Offsets / Radio Imaging / Optical Imaging,-99,Orosz+2013,2013A&A...553A..13O,https://doi.org/10.1051/0004-6361/201321279, Radio and optical offset could be attributed to the fact that the radio peak is found at the end of the northern jet ; the AGN optical position would then obviously be different.,15:26:59.4407,-13:51:00.164
J1543+0452,-99,0.04,-99,-99,-99,15:43:33.9258,04:52:19.320,235.89135749999997,4.872033333333333,15:43:33.9258,04:52:19.320,235.89135749999997,4.872033333333333,J2000,Radio,ICRF,Dual AGN Candidate / Binary AGN Candidate,-100,-100,-100,-100,-100,-100,0.41300000000000003,-99,Radio-Optical Positional Offsets / Radio Imaging / Optical Imaging,-99,Orosz+2013,2013A&A...553A..13O,https://doi.org/10.1051/0004-6361/201321279,,15:43:33.9258,04:52:19.320
J1603+1554,-99,0.11,-99,-99,-99,16:03:38.0619,15:54:02.355,240.90859125,15.900654166666667,16:03:38.0619,15:54:02.355,240.90859125,15.900654166666667,J2000,Radio,ICRF,Dual AGN Candidate / Binary AGN Candidate,-100,-100,-100,-100,-100,-100,0.20500000000000002,-99,Radio-Optical Positional Offsets / Radio Imaging / Optical Imaging,-99,Orosz+2013,2013A&A...553A..13O,https://doi.org/10.1051/0004-6361/201321279,,16:03:38.0619,15:54:02.355
J1604+1926,-99,,-99,-99,-99,16:04:49.9938,19:26:20.942,241.20830749999996,19.439150555555557,16:04:49.9938,19:26:20.942,241.20830749999996,19.439150555555557,J2000,Radio,ICRF,Dual AGN Candidate / Binary AGN Candidate,-100,-100,-100,-100,-100,-100,0.194,-99,Radio-Optical Positional Offsets / Radio Imaging / Optical Imaging,-99,Orosz+2013,2013A&A...553A..13O,https://doi.org/10.1051/0004-6361/201321279,,16:04:49.9938,19:26:20.942
J1625+4134,-99,2.55,-99,-99,-99,16:25:57.6697,41:34:40.629,246.49029041666668,41.5779525,16:25:57.6697,41:34:40.629,246.49029041666668,41.5779525,J2000,Radio,ICRF,Dual AGN Candidate / Binary AGN Candidate,-100,-100,-100,-100,-100,-100,0.259,-99,Radio-Optical Positional Offsets / Radio Imaging / Optical Imaging,-99,Orosz+2013,2013A&A...553A..13O,https://doi.org/10.1051/0004-6361/201321279,,16:25:57.6697,41:34:40.629
J1648+2224,-99,0.823,-99,-99,-99,16:48:01.5356,22:24:33.148,252.00639833333332,22.409207777777777,16:48:01.5356,22:24:33.148,252.00639833333332,22.409207777777777,J2000,Radio,ICRF,Dual AGN Candidate / Binary AGN Candidate,-100,-100,-100,-100,-100,-100,0.179,-99,Radio-Optical Positional Offsets / Radio Imaging / Optical Imaging,-99,Orosz+2013,2013A&A...553A..13O,https://doi.org/10.1051/0004-6361/201321279,,16:48:01.5356,22:24:33.148
J2052+1619,-99,,-99,-99,-99,20:52:43.6199,16:19:48.828,313.18174958333327,16.33023,20:52:43.6199,16:19:48.828,313.18174958333327,16.33023,J2000,Radio,ICRF,Dual AGN Candidate / Binary AGN Candidate,-100,-100,-100,-100,-100,-100,0.231,-99,Radio-Optical Positional Offsets / Radio Imaging / Optical Imaging,-99,Orosz+2013,2013A&A...553A..13O,https://doi.org/10.1051/0004-6361/201321279,,20:52:43.6199,16:19:48.828
J2150+1449,-99,,-99,-99,-99,21:50:23.6071,14:49:47.895,327.5983629166666,14.829970833333332,21:50:23.6071,14:49:47.895,327.5983629166666,14.829970833333332,J2000,Radio,ICRF,Dual AGN Candidate / Binary AGN Candidate,-100,-100,-100,-100,-100,-100,0.189,-99,Radio-Optical Positional Offsets / Radio Imaging / Optical Imaging,-99,Orosz+2013,2013A&A...553A..13O,https://doi.org/10.1051/0004-6361/201321279,,21:50:23.6071,14:49:47.895
J2210+0857,-99,,-99,-99,-99,22:10:06.0503,08:57:29.564,332.5252095833333,8.95821222222222,22:10:06.0503,08:57:29.564,332.5252095833333,8.95821222222222,J2000,Radio,ICRF,Dual AGN Candidate / Binary AGN Candidate,-100,-100,-100,-100,-100,-100,0.193,-99,Radio-Optical Positional Offsets / Radio Imaging / Optical Imaging,-99,Orosz+2013,2013A&A...553A..13O,https://doi.org/10.1051/0004-6361/201321279,,22:10:06.0503,08:57:29.564
J2259-0811,-99,1.38,-99,-99,-99,22:59:00.6888,-08:11:03.043,344.75287,-8.184178611111111,22:59:00.6888,-08:11:03.043,344.75287,-8.184178611111111,J2000,Radio,ICRF,Dual AGN Candidate / Binary AGN Candidate,-100,-100,-100,-100,-100,-100,0.23500000000000001,-99,Radio-Optical Positional Offsets / Radio Imaging / Optical Imaging,-99,Orosz+2013,2013A&A...553A..13O,https://doi.org/10.1051/0004-6361/201321279,,22:59:00.6888,-08:11:03.043
J2346+3011,-99,,-99,-99,-99,23:46:46.2508,30:11:59.249,356.6927116666666,30.19979138888889,23:46:46.2508,30:11:59.249,356.6927116666666,30.19979138888889,J2000,Radio,ICRF,Dual AGN Candidate / Binary AGN Candidate,-100,-100,-100,-100,-100,-100,0.28500000000000003,-99,Radio-Optical Positional Offsets / Radio Imaging / Optical Imaging,-99,Orosz+2013,2013A&A...553A..13O,https://doi.org/10.1051/0004-6361/201321279,,23:46:46.2508,30:11:59.249
J2347-1856,-99,,-99,-99,-99,23:47:08.6267,-18:56:18.858,356.78594458333333,-18.938571666666668,23:47:08.6267,-18:56:18.858,356.78594458333333,-18.938571666666668,J2000,Radio,ICRF,Dual AGN Candidate / Binary AGN Candidate,-100,-100,-100,-100,-100,-100,0.244,-99,Radio-Optical Positional Offsets / Radio Imaging / Optical Imaging,-99,Orosz+2013,2013A&A...553A..13O,https://doi.org/10.1051/0004-6361/201321279,,23:47:08.6267,-18:56:18.858
